video_id,labels
BMRXRFAU,"6,8,47"
EIWEJMGJ,"52,96"
ULHONAHW,40
BRRFXEOD,"133,102,15"
ZTALUMHZ,68
HJBPIJBD,102
FDZMIJVY,"40,69,102"
XBMVZPKK,"38,68,133,102"
SCPKZLSQ,"68,40"
WRBGSHVR,"8,7,78"
BLDZLPKL,78
OMHVNNQN,15
HJCGBKOU,"102,15"
LEMVJVEI,"68,32,123,102"
ZSLERLHH,68
DKXQNVOG,68
NRXHAMHZ,68
GUCTCDAL,"38,40,1"
SWNMEEUL,68
QYGYWPTK,"2,68,102,15"
FDLVXFUP,102
RSXMYMYV,"68,102"
YYNBRFXO,"104,48,102,135"
BVTBJPIF,123
BFTJYTFT,"38,26,102,90,133,27"
QAJRXHFB,102
VJFYVVKA,40
OQVSLNPO,67
WZZZAIVA,78
SHQLGXER,58
RFISFXER,78
QGLSZPIF,123
MBAZPHFB,"102,15"
EACUBMRN,"2,48,133,90"
TKMJZCIW,78
MARYJNPL,"133,102"
GZETIXGD,45
TZVMRNQN,"102,15"
XUQBYVEI,"104,68,102,15"
QOFQDJTR,15
STMVNGHA,67
CWJEAKWA,68
ZIKUOEWB,"48,32,135"
KVOLZNQN,15
EGLSJBQT,"123,8"
FZYPBAMC,"133,102,100"
ABEQANQN,2
NBADHUDX,"133,15"
EHQFUPTK,"68,102,15"
DBJUFPTK,"102,2,15,68,22"
PECPDPKL,102
DDEBABQT,68
VYOMWMRN,"48,102,90,114,103,32,40"
WSVVWICC,68
KPIGREUL,68
MDNWXLHH,68
NGNRIUPH,"40,7"
TETGEVOG,68
TEWPQPIF,"2,67"
KTSQJSOB,78
YODYOUIV,"123,15"
ZHZWKWRZ,"2,133,123"
GLBKYIQR,102
XPRVVMME,2
PVWGADAL,"104,123,102,2,133"
JWDMFXGD,"104,102,45,2,63,67"
IPAQLZON,2
MMXOMCKR,15
SORBRPAB,68
LNXSTHVR,"7,8"
ZGLTOTHG,2
PISAFCND,"40,7"
PKCMRPTK,"2,15"
HIVXXEOD,52
UWIECZTV,40
CAHLYVKA,100
ZEHJYBME,"2,100"
XOMJQNPO,"133,102"
USDZEZJZ,"2,68,102"
TGAXQVMP,"40,52,123,93"
AVGYDVMS,"104,40,116"
WHAMJFJG,"133,102"
MSMZGBQT,40
YJTGHUDI,"2,68,52,15"
HDNYIUPH,"69,15"
STIQZHGA,"133,78,102"
ZQJSFXTD,"102,67"
HPPMIDCC,52
IOSUYNQN,15
MGJODNQN,102
FDAUHFJG,45
OFTJVZLK,102
GSVECDAL,"2,68,32,123"
MAKRVGIW,"104,68"
WOOCRUDX,133
AJKYFUIV,90
ZDIWNFJO,68
MFCRXLSQ,68
XGQRQXYT,102
NVZQBHGW,"40,102"
WNTULDFS,78
MSUIXKEW,"30,139"
UEFFGVIQ,68
IYKMPVEI,"48,123,135"
VRYKCIQR,"68,100"
HCTTCVRM,67
DTIQXONO,15
ROFSWHGA,"102,116,97,133,78"
JDPSCEWB,"40,133"
VIYCINPL,"76,133,102"
EENVNDCC,68
HIZABADX,"16,40"
PZSMYSBA,"2,48"
MTIJNSDK,68
UDAPNHCQ,"48,78"
OBMNUPTK,"68,102,15"
SXXMOGHA,"128,15"
LZQYDMRN,"40,133"
FYLJTVTI,"2,123,102"
GINBKMVW,"58,104,102,2,10,68,78"
OUWKYJBD,102
OLUVHTHG,"2,102"
WTLTVVKA,133
WYKRUUDI,"68,102"
IULLWPLS,"2,68,40,133"
YDJXFPLS,"2,68,133"
AMWOIPKL,"68,67"
RTIEEMHZ,137
QGHOJEWB,"68,133"
TRIGTIKV,123
SMYMRXDO,100
QYALJXGD,74
SXVFBMVW,"58,104,102,2,128,10,118,68,78"
UNXFMGQD,2
ILNCRFJY,68
VVBRKKOU,"52,102,110,15"
TEEHUPTD,68
JVNBOHSA,"128,52,69"
MOENHDAL,"104,123,5,128,67,32,13"
LLIHFSUS,"102,15"
SBEOQVIQ,"68,102"
HGZCQFXO,"104,102,90,15"
COQCRMVW,"58,104,102,2,128,10,118,68,78"
QDKYKBGG,"2,103,90,15"
SDCUPTEK,40
UGUUCUDI,"104,2,103,15,68"
FOBVGSEB,"102,15"
EOSQGOIM,68
YLYQHSOM,"52,101"
AWDLSFXO,"68,102,15"
FAGHMPIF,1
TEKPGCNX,133
NOMMCSBA,2
OAIWHUDX,133
QHNGPAHW,52
DOJBXVKA,"128,2"
TXDVAWMK,68
WUZSXZQJ,"128,76"
HEKJHZLK,"48,67"
DOHRJYTZ,"68,102,90"
TKGODPTK,"68,15,22"
NYQKGGJU,47
OGTUROIP,"40,7"
KIDOKUPH,"1,51"
QOAQFLHH,"78,65"
OKGITMHZ,123
AGYDGLSQ,"2,48,68"
FISUYXGD,"132,68,133"
FJFPUIKV,68
DSDOQUDX,68
DXRIDKWA,133
VOSRCUPH,123
WEVILBME,133
QPALDKOU,"13,102,15"
WDMURXMC,80
LZKYWTEK,102
DUBDKPKK,"52,102,69,68,133,27"
DWYFHKTH,102
ZSADPKGZ,123
WWANXUXR,"40,78"
NGCVODEV,16
YUXBNJVY,"48,40,90"
ZGKNSJYD,68
ZCIZOBXG,"52,100"
VCHQYIQR,"1,26"
BZCGRMVW,"2,68"
XJUYKCIN,"40,69"
WMWBCBQT,40
ESAASKEW,"13,100,67"
ZAWJHWUH,"2,69"
QAIXOSEB,15
EOUSNUPH,123
ZBODFTFT,"38,96,27"
IMKDLXDO,"8,47"
UVVCJUJL,"10,102,104,78"
UJFHZPKK,"52,102,69,114,40,133,27"
AHRJAPTK,"2,68,22"
CHXPBNPL,"121,123"
WYLNUPAB,"2,78"
MRMKXDXI,78
JGMEIKBS,"78,100"
BFEGSVEI,"68,102"
XQVIMXYT,"90,116,74"
EXRREGCS,"104,108,3,102,2,133,118,68,97"
NQURXMRQ,133
ZQVQASDK,133
LTOKIIQR,62
TMDOIHSA,"2,52,102,15"
YSJQSPLS,"68,40,90"
YSXPPBQT,68
NFYNIPIF,"133,120,1"
LCFFENQN,2
PJZLQQCN,"104,67"
LFCDHKEW,123
MURVIKWA,2
GBEPNFJO,68
AHTIACIW,"68,78"
VHRIAXEC,78
UXRARLOI,15
HTITPFNJ,100
UYXMMQXC,"40,133,67"
LWGPQVMP,133
NGLXFNPL,"49,15"
GUXGKIQR,1
BBUKZTHG,"2,102"
YLNLTUPH,123
LFQXAPTD,"68,133"
TORHDBXG,104
GLULIRAM,12
ZBIASPLS,"40,90"
RBHLGXDB,"48,52"
WJBUQLSQ,"48,102,2,40,78"
JAUHXXGD,"68,67"
UMBULFUP,"122,112"
SETANHGW,"40,102"
DTSCVHEB,"68,120"
GSADEPTK,"68,102,15"
OMCHDNPL,"133,116"
FGALMWRZ,"52,133,123"
IQKUNGCS,"1,97"
UDSDLPLS,"2,68,40,90"
ZZDMFVCV,2
VMTTJVOG,"102,78"
JHEXFJBD,"128,102"
TRQEFMVW,"58,104,102,2,128,10,118,68,78"
BZAGTQTX,"40,7"
MDMLOMWW,68
FQEUKVMP,38
HDVDRTUB,"68,133,51,1"
ILDZNZTV,"133,102"
XKDRTTFT,"38,26,102,47,27"
WNDJEGQD,40
USHTJNQN,"102,15"
CDHUDUDX,133
BEGOPIKV,"66,68"
MHCYCNQN,"2,15"
ADPZTMCV,85
KPJWQHSA,"52,69,102"
GKODKGIW,"2,68"
HTUCYNPL,"13,116"
QVNSCPIF,"48,102,116,114,133,46"
YSRHQNSU,"133,100"
VKLFRVMP,"40,102"
MPCVGDAL,"38,40"
YXJLYSBA,"2,135,102,67"
UKLEWPTK,"2,68,15"
APEKUFUP,"68,102,78"
TQUZADMX,102
LPSUIUPH,123
LLELHEOD,"2,133,102,15"
BGTZLTFT,"38,102"
KUFPWMVW,"102,2,128,10,118,68,78"
QINTGVYU,"2,109"
UMMJFZTV,"95,90"
VMTACXGD,133
HCTAJCND,68
BLGWBSEB,102
CKMAHXGD,"120,8"
OVMDWBQT,40
UBBPYUPH,52
AMDNEGJU,"52,78"
PGXQHDPR,87
GSVJKXMC,"68,52,102"
DUOCPFFP,100
OMJLFNQN,15
AGNEFGHA,"2,133,15"
QDIMPFGA,"40,100"
EMHTLVTI,"2,123"
IZCEEZQU,68
JZKAEQRD,103
EYZVKNPL,"2,15"
PCQLLLDC,78
PQJNPNPO,"45,67"
MHFVBPKK,"133,102"
NDILQZLK,40
TFABZHIS,"78,102"
YNKRCRAC,133
GTEIRDAL,"40,7"
JTTOJLSQ,40
BHNRXVEI,102
PHTLXWMK,"68,78"
ADDNDVMP,"104,15"
WDFQDPTK,"104,102,90,2,15,68"
BDCFJMYV,2
KBLTHXGD,102
MZBDBGJU,"6,41"
RADGMVEI,"114,104,40,90"
LVERGYTZ,133
OYVDSPDI,123
LMZCCVEI,"2,68,90"
EKOPMPTK,"102,90,2,15,68"
NHLVAHGA,"2,68,133"
RWFZOMRN,"52,102,90,15,68,133"
DYILYPAB,"8,5,78"
HLOXHMVW,"58,104,102,2,10,118,68,78"
DWFMQVEI,"49,48,133"
EITBKCEI,"78,102"
YGCUPSOB,78
SEUNYZLK,"128,48,133,102"
EYHSWIQR,"2,68,100"
UARTTAOX,"121,123"
AFKUFRAH,"102,15"
HMEARCND,"120,40,7"
CPGDBPKL,78
FTRCLXGD,78
TPJGFMHZ,"68,78"
HBSJFNQN,102
CRFWDPKK,"38,104,90,68,133"
CHRQMJYD,40
FVUQTTKX,52
RTQXEGIW,"68,40"
NQCDOTLI,68
MUWBRMRN,"102,90,2,103,40,100"
SZSIFMVW,"132,52,102"
VACYYSBA,"102,135"
ADWTXIQR,"62,102,1,39,8,120,97"
GJDBFEWB,"133,90"
WMOSFIFB,68
PKCVWUPH,"52,133"
KUBFFXYT,74
MVFIIPHK,"40,133"
QCTSRSDT,"52,102"
EQYFTMVW,"2,68,102,15"
DDQFWUIV,30
LSLBINPO,"91,1,26,100"
NWLFHRAC,133
YSTCQFXO,"104,48,102,135"
DXFATPKL,102
MHRESGHA,"2,15"
QIPSTSVW,40
CGGJLNPL,"68,102,116"
WPYTYADM,"27,78"
AJIWMPAB,102
LHHCNFUP,"102,112"
DFINIKPH,102
BKYITYES,78
NZUKLPLS,"5,8"
BEKGODAL,"5,13"
UULBFEUL,"102,112"
GENBGPTK,"104,68,102,15"
HVPONAHW,78
NZIIQGBP,40
NNYVJEQQ,68
XGZSSRSU,"14,51"
VWUMHPTK,"2,15"
EDOFLVKA,"102,15"
KMFSKXGD,"2,67"
FBSTTBOE,15
DJLNRPKK,"38,104,102,84,67,68,133,46"
WLAALJBD,15
LTSGYMHZ,2
XEGWVGIW,"2,68,40,90"
BEDUGQJN,2
JZEVDVEI,104
MUOEQPKK,"38,104,90,68,133"
IOACKBQT,"104,73"
QKTYPEOD,"68,45"
YNSMWWZS,102
PNCAJXSF,"13,102,15"
TDGIRVCV,"68,67"
FJWHPVDY,"102,15"
MWJZHEWB,"52,133,27"
GGHGRXDO,"133,14,51"
VSWNLXYT,"116,74"
MFJQUPKK,"108,133,102"
UQYWCRSU,"96,1"
PYZLYUXR,"40,7"
SJNPWHSA,"52,102,2,15,68"
YDINGDAL,"104,123,5,128,67,32,40,7,13"
TLVKSPAB,"133,53,45"
ECELZFAU,78
ZROGJBCH,44
FSAECSOB,78
FDPCJUXS,62
MTAADTHG,"2,102"
QDDGZHSA,"52,102,69,128,118"
DIMPIFGA,52
BLNYILZD,"68,69"
NOQBIPKK,"38,104,102,90,84,67,68,133,46"
WQUHBEDF,123
VDUYVHAQ,"48,40,15,105,133"
TOZTMHGA,"48,133,102,90"
VWRISDSN,133
VZQAGPKK,"104,133"
NRCRFPDU,40
SMPWSHSA,"52,102"
ONCJBHGA,"102,116,2,68,133"
DJBFNEOD,"52,102,69,15,68,133"
UKSDITFT,"38,26,102,90,47,27"
BZQKZNXN,123
YQADSKOU,"102,15"
JHCHHIQR,102
PWVLCBXG,"48,102,90,76,67,68"
IIYMPDSN,"68,106"
HHCYEEWB,"102,90"
SAPZVEOD,"102,15"
GJDMTONO,52
FSCSTUXR,"102,67"
OSUNKHSA,102
IGJDUNQN,15
PQRXAPKK,"2,68"
HHXPPUPH,"52,15,105,133,13"
ODJVZMHZ,78
TJUHCZJZ,2
BMMOZVMW,78
BSTSIVKA,100
WGSKQXYT,99
AFNMIDAL,"104,52,123,102,2,69,67,32,68,40"
QHKCCLHH,"40,7"
IRZTZAFG,102
CIKTGBXG,"104,32"
PNAKSUPH,102
YRFKAWPM,45
LIAYIYUQ,102
MYDMHCIW,102
KCYHGLOI,15
QLIHCXSF,"68,102"
NELPLSBA,102
AFBVPIQR,"102,26,1,51,97,78,100"
HOFCULBD,"2,68,133,102"
BPSQBTFT,"38,26,102,47,27"
QHNRHFJO,40
SJRTRHGA,"133,102,117,78"
BIDTRPKK,"38,52,102,114,68,133,27"
UONARVKA,"2,133,102,15"
OWAOJSEB,"102,15"
EPUSZAHK,40
XTIURNPO,"52,100"
NENBWBQT,"72,102"
BSYOOLHH,68
NNPMPRAC,"133,67"
UZAZLHAQ,"102,2,69,114,68,13"
HSXMKATH,"68,85"
MREQQSOM,52
PZOSFLSQ,"40,102,78"
KBQQJVMP,"52,15"
NODYOGIW,"2,68"
UHFBILSQ,40
VNLWVEOD,"68,133,102,15"
HXMJQKEW,"68,1,51"
BHIRUMME,133
TMTTBPIF,123
QGIHTDGW,"68,52,102,90"
KJBLZVEI,"68,40"
OGWMAFAU,"13,78"
TOTDUUDX,133
TQAZYPAB,"120,5,8"
MMSWNBQT,"58,59,65"
BAOCAGIW,68
KJVGJFGA,52
JDEBXMVW,"2,68,102,15"
PAZNBTKX,"104,40"
IGDJUHSA,"2,52,102,15"
KFPGDVKA,102
TLUYSGEG,102
DERTVCEI,68
VRIEKMHZ,"68,78,102"
EWDNHWUH,"48,102"
PJPFZRAC,133
PMJRTNMW,40
OXWZQIQR,"62,102,133,96,1,39,8,120,97"
BUELIKOU,"102,15"
GRRNBFAU,58
PEIUNXGD,"2,100"
ZLCVSTLI,"68,102"
VFGQTZIE,"69,40,133,52"
OSGQEUDI,"2,68,102,15"
RTHHRXGD,100
SEHFXXRE,52
TXTCQJVR,"40,133"
KBUSMTEK,69
GYWHXCIN,"52,69,45"
KELOVMVW,"2,68"
WAZLZSBA,"40,100"
MACRLFXO,"104,48,102,135"
NMUQPWBC,100
UEAAAKEW,123
YJLRMSBA,"26,1,102,135"
VDMLJKPH,"48,15"
KJDCVIWV,"133,102,15"
POUXECEI,"40,7,78"
RZSVSFFP,"1,26,97,47"
ORXTEUDX,"84,74"
ZFQIWNXN,"32,37"
RLUKBPIF,"68,102"
RQDQZLKI,78
ANOGFCND,"1,51"
WHIEZUDI,"2,68,52,15"
RTFEOCND,40
OYMTZHCU,"102,15"
QDQIUPTK,104
NOGFURFO,131
BZNOOSPG,102
GNNXLFFP,133
REAZIFFP,68
RGHHOXYT,104
JXBNBHGA,68
CCNPCFGA,"81,78"
AWQIALSQ,40
UCFWOFPE,68
DRFLOJBD,102
DHULWEOD,102
LRFMTJVY,"48,40,52"
SFTIIHSA,"128,52,69,102"
GJJUZQRD,"84,120"
TROMEXGD,67
JSLCPQTX,52
MOGIOPKL,"1,78"
TIJLVHGA,"102,116,68,133,78"
AINMFXDO,47
MMIMLUDI,"2,68"
FLRHTMHZ,78
QOJTRUXV,"104,15"
CBRFRBQT,"104,73"
DIUCTXDO,"133,1,102,47"
NRHZUUPH,123
NQGBBLBD,"2,68"
ZCAXCXEC,102
ARJFJFFP,"27,26"
LBXKSKTR,78
IAAECXGD,"128,40"
AJYLCSOM,52
DMWTXPDU,102
LFFDPJIR,"2,68"
SBNLTEOD,"68,133,102"
ZASJAMCW,133
IBRJQRJS,"1,123"
GNLEPVRM,78
SOWFKHVR,78
TWECXFFP,123
OUIYPXYT,"104,48,116,99,74"
MWTOEXXP,78
TFAEONQN,102
LGLHRHCQ,78
NNUZMHGA,"102,116,97,133,78"
HWPCJVEI,"104,48,103,135"
PBEGCFYY,45
JDRFJNPL,40
HGJCUIWV,"52,102"
WZUNXUDX,133
UPJANXMC,"68,102"
XNQWVBXG,"48,102,90,76,67,68"
OQSLXLBD,68
ARRMKTEK,68
OMUEJNCR,104
GNLZSADX,"52,69,102"
SVPGLWZS,123
INKJQJWU,25
CCSXQUPH,"105,52,133,15"
HGCTGVMP,80
EYSTATHG,"2,102"
BJYPHRAH,"2,68,15"
CDBVMFNJ,68
ZGDWEBXG,"104,32"
ICHHZKOU,"128,67"
QDMMMHDU,"102,67"
PEFRDXGD,67
DSSUBRAC,"40,133,102,45"
GPUHSUDI,"2,68,15"
LLPVBHVR,"68,40"
JTSQYGEG,"2,68,73"
NRILZEWB,"102,90,51,14,133,27,100"
BFSXFKOU,"69,15"
QIFXLAEM,40
BUMGSZTV,"2,95,90"
GHZQSJVR,"68,90"
TCJIKVKA,100
YJNSUHFB,"114,102"
SLKGGZQJ,67
TLPUSEQQ,69
WREAALSQ,"69,102"
PCUTCEUL,102
UITTDAFG,"68,122"
MJCUYIQR,"5,13,102"
PRSAVNQN,"102,15"
NEMMXHEB,2
JOZXQVOG,68
EDXMOCIW,67
ANKUBPTD,133
BHNMQLSQ,15
VAAHWJBD,"103,102,15"
SRDTHFJO,"2,68"
YVGVJMVW,"58,104,102,2,128,10,118,132,68,78"
EGTYNNCR,"102,15"
LYUNWTFT,"38,102,26,90,47,133,27"
SVVTQQTX,"40,7"
UABWQHGA,"48,133,102,90"
NYSONBME,"68,40"
RCVUSKTH,15
AXRCVHGA,2
WXQEVONO,"102,15"
EPJJVFFP,68
JNELQNJC,68
QGZNBTUB,"68,52"
TTIVCADX,"52,69"
JWBCVVEI,"104,32,90"
WTRWJHPH,40
PMEOJDFC,102
ZUTBBVTI,"104,48,2,68,32"
MEXEESMJ,133
OBULZPLS,"104,52,102,90,2,69,68,133"
HMRCPFYS,123
ZJHNZBQT,"68,40"
VVENOKRF,78
NTALFHFB,102
PEQOPMRN,"104,68"
PRQQYIKV,123
DMTQZDCD,"16,11"
IIHHXFAU,44
LDKLBDFC,52
BHLWVEUL,"2,68"
UVCFXVEI,"48,49,2,103,133"
ICLPMBXG,"104,32"
IZRJELSQ,"2,68,40,102"
SVTQSEUL,"68,102,112"
BJCKRADM,"27,78"
IQCKZPKL,78
NYXSVFXO,"2,15"
FDYZVVEI,"2,48,104,90"
OIEQREQQ,2
TCFGZLSQ,68
RDWQCHPH,"40,52"
MLSWURLL,"58,128"
FNYKADAL,"104,68"
SFIQTXGD,67
JXGEADMX,102
WQYXIUDX,"2,133"
JCPUDHDU,102
XHAEIVMW,68
CMJJIHDU,"102,67"
KHNODXIF,123
XTJPHHGA,"2,133,102"
IMQDQRHB,15
KWHFNVEI,102
QIKEZNOT,123
XCQZCSOB,78
IJHHIFFP,"2,68,133,82"
LJBLLPTK,"102,2,15,68,22"
EDPTFQRD,78
QTSUUFGA,100
TNQPRNPL,"126,102"
ZPGVEDGW,"68,52,69"
CJGVUHFB,133
LZQXAUDX,"2,133"
XTXNUYUQ,78
FXVTCTEK,"133,102"
HFTULMRN,"40,133"
UMCEBDGW,"68,102"
JUNGJMHZ,102
YCDTJIQR,"102,100"
DEYUKPHK,128
BVCBEHIS,"16,40"
FSGTCEOD,"102,2,15,68,133"
XDZAMBQT,"104,68,73"
FZETKSOM,52
HVLBIXFE,"21,123"
WNACGPLS,"104,102,2,103,68,40,133"
HUQYSSBA,100
CETBSFXO,"102,15"
PLTHOUDI,68
GHGOZLKY,102
VEFHFHGA,"102,116,97,133,78"
KDQLRTEK,102
DHVUXJTR,15
IMIRKOIP,78
UMPXXVMP,48
GUYZLQJN,102
YNFBQUXS,78
PAJHFLKY,102
RRWELVTI,"2,123,102"
CXKNGHGA,"102,116,26,2,133,118,51,68,97,78"
MKXKQPKK,"38,102,90,68,133"
OIQVMCKR,15
JXPALEOD,"2,115,102"
OLAFMVYU,"2,133"
HYELHMHZ,102
IPKIMCKR,"102,15"
IXJURVEI,133
NPXGGIQR,"120,97,8,39"
JZBOEEWB,"114,68,102"
PUZYWPLS,"2,68"
OOJQTMHZ,"68,78"
HGERIPLS,"114,120,40,7"
AQFOPVKA,2
JQWKBIWV,"123,15"
SIAFDAEM,40
SPVYNPLS,"40,52,68,90"
ZCDBDLKI,68
UFMTIDUC,78
LUVGXEWB,"90,51,103,27,100"
ULUAYIQR,"8,39"
RLERDKDQ,"68,52,133,102"
IPMBWADX,"40,80,102"
KQLCUMRN,40
ZJKPZAFG,68
QYFTWGQD,68
HRLETFAU,9
MRJXGWTR,68
OGLOUYTZ,"104,133,15"
HMXVWBME,"2,133"
VLZJSBQT,78
FMVKLPLS,"68,133,102"
MVRDLXTD,"2,68"
FFTRGIQR,"26,102,1,51,78,100"
UFUGDLHH,40
HVEJFXGD,2
ZCCUXPLS,"102,2,68,133,100"
FKFGIFGA,"81,52,133"
ERRYZJYD,"21,68"
QLUJJJKU,102
WMBMDDGW,"114,52,102,67"
LFTZQVTI,"2,48,32"
VCYAJNQN,15
UKVYZPTK,"2,104,90,15"
JWCUMJBD,"128,102"
LOGTJRAC,133
JTFHRXYT,"104,48,99"
PZUDHIVA,78
GTTQNFGA,"48,102"
FHSYDZTV,"133,102"
IQCUKFXO,"104,48,52,102,135"
KYUOKLHH,123
DLOQSPTK,"102,2,15,68,22"
YZAFFTLI,123
NFQWOXGD,68
JZPJEAFG,68
ZIPCPBRS,52
SNLPPXDO,"14,51"
FETNWCKR,"68,15"
TOWNKDGW,"104,133"
QRHKLVMW,78
FWUWAVMW,68
EUZOKADM,"27,78"
ICPFTUDX,133
JQRKRZIE,"52,102"
VZTOOTLI,102
CYBCUVMP,"40,13,102"
JRUBVVRM,"0,68"
NFKBHHVR,123
IVFIPWBC,"26,133,102"
QKVLTDGW,"104,133"
HKOBQVKA,15
VSYYGZLK,102
BFLIAVMS,40
KCCJCXGD,123
ROAFQPKK,"84,68,67"
GOZHXBQT,78
DRQOSRAC,"133,45"
EGYOSLDC,68
CJUUAHGW,40
DYKTSGEG,"2,68,73"
CEBLBKTR,"40,52"
MLUJSCNX,133
CUNTDPIF,"14,133,102,51"
PZTEBWMK,78
DJPCRKDQ,"8,102"
DNVXEDQX,"41,44"
YACDWFAU,"120,8"
VEOQRUDX,38
TKFJFACP,138
TDXYRSOB,68
ZPCVRTFT,"38,26,102,133,27"
IMRAXCNX,"108,133,102"
NFHRQMRN,"40,133"
RXNKRWRZ,"52,133"
BHIUURME,68
ZTAOSDSN,"14,100"
TYREFPHK,"52,49,102"
TOGHFYES,"68,78"
GKUUULSQ,"68,40"
VASJDFXO,"68,102,15"
CODWENQN,15
RSVSZRAC,"100,67"
RGALLSBA,"58,10"
DAEQFDCC,52
CTYULLHH,68
TPZUXHGA,"25,40,102,116"
CNPVSPTK,"68,102,90,15"
DKYFCVMW,"68,102"
MEXXPRAH,"2,15"
ZYRNGATH,78
BIFKWBQT,102
XAAZFJVR,"133,102"
PUWGGIFB,68
ULNFGPLS,"102,2,8,40,133"
VOCTAXEV,"68,78"
NBWFFMYV,2
IGDRCBLQ,"6,12"
SOPYQADX,102
KODNSFAU,44
XKITRPKL,"69,96,1,78"
FMDWBLOI,15
KDPATWBO,"102,67,40,133,13"
OPYINEWB,90
OUTCDFUP,"2,68,102"
OIBLMEUL,"68,112"
SYUGBFPE,46
KQEWIELW,68
VVWQHFYS,"52,69,8,68,40"
URISKPAB,"68,52,102,78"
CXSHHNXN,102
FMJJBSEB,15
OKVCVPHK,"128,40"
KJPWDFFP,"68,133,102"
LTHMQBQT,"68,45"
PFNRBWWK,123
YSPASJWU,133
PIXIYPTK,15
BXYOIUXV,15
ICKFMBQT,76
AXUJCTFT,"38,102,26,90,47,133,27"
MUIEVZJZ,"2,52"
WIJJPPKK,"68,133"
WFIQHSOM,69
SLFJRMME,"48,133"
LEEZRZIE,"40,78"
HWREUBRS,45
ATSFLXGD,"68,116"
XFCGPIJJ,"7,8"
KRHZOIVA,102
DEIPKPTK,"104,90,15"
LKKMEFUP,68
ABTJZVEI,"2,40,133,104"
IVKYJYUQ,78
VWIIPKRV,40
TYCBRVEI,"104,32,90"
XAAJKPTK,"2,68,15"
EMTEPPKL,78
HDXAHWUH,"48,102"
NTYBLRSU,"133,13,102"
YJATLWMK,"68,78"
BAKCUVEI,"68,33"
IDHELBQT,"68,125"
REHUEGCS,"3,108,133"
ISOMHLHH,"40,7"
JNHGPDAL,"104,5"
EOENUVKA,"2,102"
SYSZQHGA,"40,133"
UDHAPEOD,"102,15"
WIIRTGHE,68
TTLPKIKV,123
NSQCXIQR,"1,26,97,51"
NKOGINQN,"102,15"
ZUGNNVKA,"102,15"
YTCWVLSQ,"2,48,40,78"
SRRUBPTK,"2,15"
JFQFLFXO,"102,15"
PBEELXER,68
LJFWLQRY,"102,45"
OFKTTUDX,"133,95"
YCRFGNQN,15
LYVJXVEI,"40,133"
LXYGCBRS,52
YGPYQCIW,"1,7"
NBBIHFFP,68
CKDMKNQN,"102,15"
KDRGFQCJ,78
AQSUWKEW,102
LOJQOHGA,133
BTDZRXYT,"90,116,74"
JHGYIEQQ,68
BQSFDHCQ,"48,78"
PHIFDXGD,100
APDINWMK,78
DXIHBXGD,100
VYAOFIQR,"102,97,39,8,133"
YUIZEHGA,"2,133,102,116"
LWDBIPTK,"68,102,15"
WZFEDLBD,"2,68"
BBCYTXDO,"91,26"
BCSUHJBD,15
WKIUCXGD,100
SZSRYVKA,"133,102"
WKOOMFXO,"102,15"
FCSYONBD,133
RQLSIEUL,"68,102,112"
BRMGCMHZ,"8,78"
ZEKEGHIS,"2,40"
JCJDQYUQ,"105,40"
HNKHBRME,68
CULGGGHA,2
KUTQKDXI,102
CGNUENPL,"69,15"
CAWQABGU,"40,52"
FXUQDNXN,"123,98,37"
XCPZGIQR,"8,5,13,102"
DWWCXDGW,68
ZKIHUFYS,"68,40,8,52"
IUGJHKGZ,123
YGIIQUXR,"40,78"
TVOQGIFB,68
JUFBZFGA,"96,27"
DNMYFXER,78
RRGMGNPL,97
OYSDPNQN,102
UXMDTUDX,133
HOTZDOOZ,9
NDGKWMZL,40
IVEFUPAF,102
MDIDEWUH,102
CUHGTPZC,2
LRVQJIQR,"96,1,51,67"
ZXATULZD,40
CNJRRIQR,"26,102,1,51,97,100"
VCIRESBA,102
VWRFDPKK,"38,104,102,90,68,133"
BDIXTIQR,"97,8,39"
RIGLLMVW,"58,104,102,2,128,10,118,68,78"
KKFLUDUC,78
VBEEEIVA,123
XQQVNJVY,"48,40,102"
BFYEYXGD,69
ILLOTTFT,"38,102,90"
SSHUMNQN,"2,102,15"
GJLPCEUL,"68,112"
PRHPNVMP,"40,69,102,52"
WBRIIXGD,100
MGMXSXGD,100
TNZWNOIP,52
ZOKKDGBP,"40,78"
VVZVZTCN,"2,68,133"
HGFRTGIW,"2,68,40"
NPVKNDAL,"38,104,40,1"
MKDUNVKA,2
EVDYTIQQ,78
EYBVRVTI,"2,48,68,104"
JRWPCEOD,"2,133,102,15"
EPHSRHSA,"49,102"
BCVYEHCQ,78
IMZZVTFT,"38,26,47,96,27"
GRVIJBSK,123
SAEXBKRF,68
ZUSJMPJK,123
KILBQXRE,"38,2,68,40,133"
QHDTNWMK,78
YXJUCZIE,"40,52"
AEPQBYUQ,13
BJEOHIFB,68
SCJMOPTK,"104,102,90,2,15,68"
LBGVTPAB,78
PIONUCIW,"68,127"
YBVJRVEI,90
WHARAHGA,"2,78"
VQDRLLQI,"16,68"
MVLNMFJY,40
OWEFGJKU,15
GAUWOKOU,"68,102,15"
CVVAMQFB,133
WTTOGWRZ,"133,123"
BFKSMACP,40
YNKSLLKY,35
TZHYINQN,15
EHTIWAMC,"133,74"
BUENUZYO,"52,68,40,133,27"
SXKOHLSQ,"48,68,15"
RMBWSWMK,78
HFXMTBQT,78
ZEOLYLVZ,78
EWFZXFXO,"104,48,102,135"
XSOWXFXO,"102,15"
WQEAVUXV,15
HPIFDBQT,108
GXUAQWMK,68
IJMKWFNJ,"68,67"
ASIDPNPL,"49,102,15"
CUQOWVKA,"68,102,90,15"
GUYZTUJL,"10,102,78"
DIVZLLDC,78
XEPENRDX,"2,68,52,102"
TCRXXGCS,"2,108,133,102"
IVKNMVYK,78
ZARBJNQN,"2,68,49"
PVPKEHDU,"13,67"
JCOFUNPL,"69,15"
JZSLMADX,"52,69,102"
FGZIVKDQ,"114,90"
XRDJJLKY,35
RQRKVNJC,"68,7"
JYAJTNQN,"2,15"
CSFETDMX,102
HWEEVGHA,15
YKNTYIQR,"2,68,100"
WSVXFHDU,9
DCDZOKOU,"114,133,102"
JQGPTIBW,"104,40"
QCBGQZYO,"114,2,102"
EVUWRTEK,"10,40"
SXYVFXEC,2
UNCZLXGD,40
DBHNIXYT,"104,48,99"
NMQLPGHE,68
FNRZUNQN,"2,68,103,15"
QTUMZPDU,2
URVFZCEI,40
DQJSSVKA,"68,102,15"
QPANCKOU,"69,102,15"
JGJJXVTI,"2,48,32"
MUWLPGCS,"3,1,97,68,96"
DVQEMDGW,52
QXMGAHGA,2
XVIHQBQT,67
QKJXETKX,"104,102"
UBZOLPKK,"38,104,90,84,67,68,133"
QKPIAXGD,133
NKFBPXYT,"48,116"
WPSDFSBA,102
KIQGNGQD,2
KPBJGJBD,"2,15"
KGCDKUPH,123
QDHFFBQT,68
PPRKRVEI,"102,90,2,40,133"
EJDPXLSQ,"68,40,102"
BWXBYQTX,15
UQKUFSVW,68
YPIZTEWB,"32,90"
QZWYJTFT,"38,26,27,102"
XQSGLEWB,"102,90,51,133,27"
VZSWDUDI,"2,68,15"
SOQZYDUC,78
TESCJXFE,"52,121"
URJCHXGD,"68,67"
ESDJONQN,15
GFSTTGHA,102
MJKLAPDI,123
ERRSCYSZ,"58,78"
XMTKZUDI,"104,2,103,15,68"
HZNQAUPH,68
UGYAGCIW,58
RQBCLBQT,16
FOLJVFNJ,133
AAGLKRME,1
RRWLARFV,68
EAETUZYO,"48,68,40,133,117"
LRXKXVTI,48
EWXHRPTK,"2,68,102,15"
UQDQZZYO,"68,123,102"
ZFFPWXTD,"1,7"
XHGZQFXO,"104,102,90"
FWEUNBGU,78
DCUGZPTK,"102,15"
BQQBJOOZ,78
KTGDPMYV,68
QNGCSNQN,15
GWBBYNQN,"2,68,15"
SECARMVW,"58,104,102,2,128,10,118,68,78"
QWHFGFNJ,101
FOEBBWUH,48
KWVVRHPH,52
FQQPEUPH,"49,69"
XTVCKNPL,"68,64"
MIMJFMRN,40
CVFOVTUB,"133,51"
EEYKFFKM,"40,100"
ROZVODAL,68
BXWDTFPE,68
BVCEYJBD,102
ZLNOJZJZ,"40,102"
SKPAAGJU,40
BEJOYLHH,47
GXIQDREH,52
HNKPOSBA,"38,135,102,67"
GYGAXPTK,"2,68,104,15"
DQHOLDAL,"68,32,123,102"
DDCOXPHK,40
BPKSCDAL,"48,32,123,68"
BQRZUNOT,78
RWZVYXGD,"2,40,27"
TQPPSQFB,133
GCKNYHAQ,"102,15"
JQMMFFXO,"102,15"
LKLVQBME,"40,45"
SISUHVTI,"48,32"
SOYXDSOB,78
TJFPPFXO,"48,52,102,135"
ZVMDBTLI,"78,45"
DVFQFHVR,"2,68,52,78"
FBRHRFUP,"102,112"
VFWQUFXO,"48,52,102,135"
XFXTIPDI,"41,102"
SMTPHAFG,68
PMYUUNPL,123
HKODEMYV,68
MXDZXUOY,52
YNBVWEWB,"52,133,102"
GLRBXBBY,"52,78"
IRCZIKOU,"68,102,15"
JYUOQXGD,67
SBKOZXXP,"41,78"
PGNTFCPZ,40
SGHEYNQN,15
MDZQEFJO,"68,75"
EOGMJEQQ,"40,52"
NRWCUYMI,"68,78"
LWGWQDAL,"104,52,123,102,32,68,40"
IOAEMHGA,"102,116,97,133,78"
ZAHUKLHH,133
RCWNYRAC,133
QPUYOBME,118
QGZEZDMX,"102,15"
KBURFKOU,"68,102,15"
MPDECPTK,"102,15"
ORTNVHDU,13
JLPIHHGW,"69,102"
QQJTWYMI,"40,7"
ESQXPYTZ,"104,102,90,68,133"
SKNBJUDX,133
ARCKIIQR,"1,97"
OIVFEFNJ,100
GOGUEBRS,"69,78"
RDQNNVKA,"102,15"
IDCFPLHH,"68,92"
DKJXEEQQ,"96,7,8,102"
KUJEEPTK,"68,102,15"
OVKWSHIS,"40,78"
BMIYQDUC,"17,47"
IEZKTBQT,40
JHFSILHH,78
VZPLMPAB,"8,5,78"
TRIZPLHH,"2,68"
XVMXSVKA,"40,103,78,80"
PNRBKNQN,"68,15"
JUHNBFXO,"52,102,135"
ZXBOLUJL,"100,67"
DUDYHMRN,"48,90,2,32,40,133"
JTWNZEUL,112
BIFERUBE,68
OYMIJKDQ,102
WITXHAMC,"108,106,65"
RJPXHVMP,"40,52"
AUSIQHSA,40
PYSDPPKK,"102,84,68,133,46"
CJORMVEI,"2,68,40,100"
VCBYEPIF,102
DVMVVDAL,"38,104,40"
WXUQKFXO,"48,52,102,135"
RSIDFGQD,68
NGHNTFXO,"102,15"
UZREBHSA,49
IEPQJACP,68
BSXLSXGD,"104,102,45,2,63,67,40"
RWIPTVEI,"52,102,90,68,32,133,100"
OKZUIEUL,102
DODPGLOI,40
VTZLLRAC,"16,102,116,67"
ZZZARLHH,57
DXKSKBXG,"52,133,90"
AVTOTCPZ,123
ETFNRPIF,121
SPSXPPIF,121
MJYUYAEM,40
TFPZFKDQ,"114,68,15"
QJOCQVMW,68
UZBVXVMW,"2,68"
BOEFDXGD,"40,133"
OLOIHNQN,"102,15"
NJAJJKOU,"15,13,102,67"
UFFJOVMP,"68,133,102"
UQKPAFNJ,123
NXAUNEWB,"48,32,90,135"
CHIKUBQT,16
QMDUWUDX,14
QZFWCXGD,40
FSRCINPO,"102,91,1,96,100"
ZTWBDYMI,"2,49"
HCBNGVKA,15
PUQMGXGD,67
ODWKNXMC,"40,102"
TCZAGBBY,"69,47"
ENEVFQJN,40
NAZEYNXN,123
EBSVOZTV,15
XSPAQDAL,"123,69,68,32,13"
YVQSLRAC,68
ATOIGADX,"16,52,69,102"
XFZKTPAF,"102,15"
FCGYJVMW,"2,68"
VBODKVDY,15
FHFOESBA,"2,100"
RZOIILSQ,"2,68,40,102"
HEPULIFB,68
RNLCFIQR,102
HFBTQFGA,"128,69,52,133"
RJFYGVTI,"2,68"
BTDFDPKK,"38,102,84,67,68,133,46"
NGIXMDAL,"123,5,13,104"
DVKEUPTK,"68,102,15"
YAHHZPTK,"2,68,15,22"
FNISAOIP,68
LULDYPTK,"102,15"
GZXQFKBS,40
FFXALLDC,78
LBRSVBQT,65
IFRNWVEI,"103,90"
GHBLJNQN,"102,15"
MJTHLFUP,68
NNHYAAMC,133
NYZXSVEI,102
UIMSLUXS,"2,68"
YASRMGIW,68
GUZGPMME,"76,133"
SVRVANQN,"2,15"
KIVYHJYD,"68,78,45"
ZXMGNPNE,78
RMNJFXGD,63
WYGHUNQN,"102,15"
FBGJTQCJ,68
MLSRFKEW,30
BGTTXPKK,"52,102,69,114,68,133,27"
ZHYWYXGD,"27,102"
CASXWXSF,"21,40"
USFAKFFP,"133,117"
EOELMFFP,68
MMPIFQRD,2
QMAFQPTK,"2,68,15,22"
HLERIPLS,"68,40,52"
BFPGPZYO,"40,102,45"
WTPZOWUH,102
DHDFWPDU,2
RERWKHGA,"118,51,102,97"
ZRASTBXG,"40,69,102,15"
BNVOWXEC,102
NSTWXSVW,78
SCMMZPHK,"2,133"
NSSKOJNO,68
UAAMXDPR,133
KRZRKJVY,"40,69,102"
DWOGHRJS,"68,52"
ETOQPPKK,"38,104,68,133"
FUMVYIQR,133
GMFANXAG,55
LIBPIDPR,"133,12"
MSTXIKOU,"69,133,15"
GXVUSEWB,"48,32,135"
ZGMLJPIF,57
TOVBLWMK,102
ZXKTDNXN,37
DYYBXFYY,2
UQTNXFFP,78
RBTTMNQN,15
LYLFWMME,68
RENJNFXO,"102,15"
DPHIQVEI,"104,32,90,135"
DLBFZAEM,40
QKMBFYSZ,47
CWWDNEUL,68
CQQMLGQD,"78,12"
MOMCDRHB,15
KWJNBRDX,38
NAXXZZJZ,"2,52"
PVYDBEUL,"2,74"
DUVPOXGD,133
PFPBFUPH,78
ATKVVFFP,100
FBZDEUOO,102
MQTHMZIE,"52,102"
QHJPXXGD,2
JBXISSOB,68
MWOEFAHW,58
QFEODAEM,40
OPPAXFXO,"102,15"
SZUYLSEB,15
EAAZYJYD,68
CYRLHBQT,68
NKLRCTFT,"38,102"
NXFXSVEI,"68,52,49,90"
AAXVMCGB,68
WEPIXSEB,"102,15"
KIMOPVEI,104
EKSDLMVW,"102,2,15,132,68"
PNBZSVKA,"2,133"
OLHDMKBS,102
YOOYQUHU,2
RWETPAHW,78
JTWVMXFE,1
PUSIHSBA,"49,40,133"
GLFVBVMP,"133,116"
SLKMLDAL,"123,5,13,104"
ZLXFOPKK,"38,102,90,68,133"
UKWTLFXO,15
OEBNXXGD,"40,102"
LQBJQSQK,"40,7"
IWTUHEUL,112
XDSWCVTI,"2,48,32"
ZFDLDFXO,"104,102,90,15"
RWOAUONO,"102,15"
VROONZLK,40
PSLGYVTI,"2,48,32"
KUBBKGQD,40
RHLEQUPH,102
FYYZMKWA,2
IXNFOUOO,"15,102,67"
PRRQSDAL,"104,52,123,102,2,69,67,32,68,40"
KANYTFUP,2
UNBWRUDI,"104,2,103,15,68"
XRXTZHSA,"118,69,102,52"
JZYOEDGW,133
XADSVFFP,78
JYJLCHCU,"102,15"
MMKGAXGD,"2,133,65"
VCHHZEUL,112
BRSEFSBA,133
FSVAKBGU,52
KSFGLGEG,78
PRZOQNJC,"2,65"
SWUYNVRM,102
DLQJOMGJ,16
DEPLJVEI,"49,102,15"
YJNPFTLI,102
XXKTTFFP,87
EQFXPPDU,102
XKJVIUOY,"104,123"
BPKXNSEB,"52,99"
MSWCUSBA,"2,48"
TKTEOEQQ,"16,96"
SVDNTFFP,68
QAGAOVKA,"48,102,15"
XZSYPVCV,68
QRVWODCC,"133,102"
IMNSTRDX,"2,68"
IBQIHKLF,52
ODASTLKI,78
ZCTGOKOU,15
THWTAUPH,"133,15"
ZDDQZOVD,"68,69"
HCKIDNPL,102
SXBXGBXG,"48,102,67"
ZYJZUOOZ,"68,9"
BASEIFXO,"104,48,52,102,135"
KFVOHKOU,15
WDSFSXGD,100
HQIGZNPL,68
THCOCVKA,102
FHEVUSEB,"102,90"
CDMKMLLG,"80,102,90"
VWZDWPLS,"68,133,102"
SWTSMKOU,"15,67"
PONMXFFP,68
JIGFSMLY,"11,123"
QIUBKPTK,"2,102,15"
MGBMALSQ,"2,68,40,102"
KKEYGCIW,68
ISEJPFPE,68
PFGAGJVY,"128,48,40"
YOSASXMC,102
WMNDXHGA,68
TRJRUHDU,52
ANDHNIBW,8
RXHJWDAL,1
AFGHLSEB,"102,15"
TNOJHVEI,"40,90,22"
EALHJADM,"27,78"
ZWYTAVEI,"40,133"
DLQQLNPL,"25,14,51"
MIQZLMLY,123
RWSUIONO,103
BJKGJMVW,"132,102"
FAHEGXSF,"21,48,67"
WJVGERGE,123
WBNAXIYC,"133,102,67"
GPSEEUXV,"102,15"
OAAINVKA,"102,15"
AQPMQHSA,"52,69,102"
MRAXYRJS,52
YOQBGVYU,133
JCFVXNPL,69
PPFWCFNJ,44
JOZEAXGD,68
ZZFQRTCN,"40,133"
BUADLFYS,133
HVJUIDQX,9
UETKTPKK,"40,133,102"
JXQMSFFP,40
ZKMKQGQD,68
YIYAQXHP,"69,8,15"
WDFVKHGA,"25,40,133,102"
GHZKGJVY,"40,102"
WWKSRMVW,"58,104,102,10,118,78"
TFHZTFFP,123
TUACRDAL,"104,5,13"
AVQNCFUP,"68,112"
HYHEFPTK,"2,68,102,15"
LNGMCUPH,68
WQTDQZQJ,"104,103"
TCAOPWUH,102
AZAFVUIV,"30,33"
PNAQAFAG,123
WXUMDPTK,"68,102,15"
WBDUDATH,68
BNSVGIQR,"1,26,100,51"
KWRVCYUQ,102
KLKXORDX,"38,2,68"
TMFTTONO,102
MOKHRPTK,"2,68,15"
BPCMGPKK,"38,104,68,133"
OOPCCVEI,90
CUSWNVEI,"103,2,48,133"
NBYHSPTK,"68,102,15"
SHMFFBRS,52
HZBRADSN,"51,8"
SSXMJREH,"40,102"
FEVGSACP,68
JZKMQNPL,"133,102"
RDORXKOU,"68,102,15"
VDKRREOD,52
AJRRBKGZ,123
ACYXOMME,68
BGXPLHEB,102
QLSMZPTK,"68,102,15"
NBLYANPL,"68,15"
EBNFGGQD,"2,68"
GBBCXFUP,"102,112"
PABKFUDI,"2,68,15"
RKXEAPDI,123
IYDUJFGA,123
YAQNHHEB,"120,71"
LQJRUPTK,"2,68,102,15"
RTXFDNJC,121
JJYHCXYT,"104,48"
JQYVDFFP,68
YOMPYKGZ,123
TPTNVMCV,"102,85"
XCVTVOTL,102
CLHBSIQR,"102,39,8,120,97"
HUHHHHAQ,"102,90"
EFTEJFFP,102
LRNRRBXG,"104,32"
UFQGUNXN,123
NNPRGMRN,90
LHUNGWSW,"102,78"
WIKRMFJO,68
JPZJJBME,"133,45"
DHVBBNPL,45
NCFZSYTZ,"68,90"
BKSKLMHZ,"120,8"
SMDQQACP,68
MDURMXGD,"84,68"
SLBGTLSQ,"48,40,102"
DUYZYJBD,90
OKJRZDAL,"32,68,40,123"
ODYBPNQN,"102,15"
BYLYDPKK,"38,104,90,68,133"
KMXXANBD,19
FRYYKLKY,133
IICHHIQR,62
UINTNEBY,133
CJJMVDAL,2
UNRUKTUB,"40,7"
LSANJFGA,123
OKNOZTHG,"2,68,133"
LJSDZSBA,"102,15"
BKNHJWBC,"1,97,67"
FRODSRLL,"25,51"
EEUZPWUH,"13,102"
OZXEMXDO,"42,7,29,8,96"
XPGAGVMP,40
MNPIVFFP,25
QCMUFLSQ,"68,40,102"
AANITSEB,"2,15"
FOMULLDC,78
SLROVEUL,"68,112"
XNDOYSEB,"102,15"
TSFFYXER,78
QBDBJJVY,"48,40,103,90"
NHJOMLWC,68
OFKBSDMX,"102,15"
RORXYVEI,"40,133"
EOODGVKA,"102,15"
PZDUAKOU,"102,133,40,15,105,67"
BNGNSIQR,"62,97"
PRZNQRME,68
VNVJRBQT,102
MNAEJHPH,52
HCEUFMRN,"68,40,133"
GQUQDPAB,"5,8"
HMAWINXN,"40,123"
HRVEIPDI,123
VRBMTFAG,123
IXEYKBQT,"58,59,65"
KZYEVNMW,"123,78,102"
DPESNGJU,78
IOPPBPTK,"68,102,15"
ZXGSRGEG,"2,68"
EKLRBBQT,102
KVCTEPTK,"102,2,15,68,22"
RFJBWQFB,"68,78"
OREGJVKA,"128,133,102"
HNVLKFAG,68
GVUCTFUP,"68,112"
XYKLXPKK,"38,104,90,68,133"
CTFNLVKA,68
HNDZGADX,"52,69,102"
MDIJIRFV,68
ZGCNMKLF,52
KEDJTQXC,"40,133"
EGJVKDSN,45
CZRIQGCS,"3,108,102,116,133"
CSGGDYSZ,78
ZQUANHFB,"2,68,15"
XKRPHIJJ,78
NQIJBPTK,"2,104"
VIEICUUK,"102,15"
ZAZRPUDX,"68,133"
DCNJWFFP,38
PWALBHCU,135
ECJBODQX,"102,15"
JCJOYWUH,"40,102"
SSOVRFFP,68
BUVMHPKT,123
UOEIWVTI,"48,32"
NEBCBPTK,"2,68,15"
ESUTYQJN,67
DHVFSGBP,"68,78,102"
SWADLFXO,"104,48,52,102,135"
QGVEAIMN,45
RMAKXPTK,"2,102,15"
HRHXXPKK,"38,104,68,133"
FDMMGXSF,"105,102,15"
GQAWGFYY,133
ZMCBLLVZ,2
IXVIOVMW,68
DMNTCMME,40
CNGZXFUP,"68,102,112"
YWIIUIQR,"96,1"
NQQCQRLL,78
YQRWNONO,"102,15"
ZNSFBGIW,"2,68,40,90"
XTNSUTFT,"38,47"
XAEGOVRM,78
IIWVELHH,68
HXEZVPTK,"68,102,15"
TFDYILKY,100
PMGBBFFP,"25,68"
AQVEUGJU,78
QHTZMTFT,"38,26,27,102"
JNOKHSEB,"102,15"
BBDHMSBA,"38,102"
NKZFAJYD,"68,78,45"
JALPTHGW,"13,116"
UQCLUVEI,"104,40,133,102"
HBECIQRD,78
LLIWNZIE,"40,78"
YEDLFDAL,"104,123,102,2,69,68,40"
WAIWLIFB,"68,40"
LRKQRVMP,47
ZMTPVVMP,"2,68,40"
PYVWDCEI,"66,96"
UFRWAWUH,"40,102"
BXKOKKGZ,123
NJSTIOIM,78
NUKQCDCD,"11,76"
XZXZRWMK,68
IZBYNPDU,40
WEAMBXGD,108
OYMAVIQR,"1,51"
CVSTXHSA,"128,52,69"
QXMOXVMW,68
CYNUVVKA,"128,2,133,102"
WCKWKHGA,"102,116,26,2,133,118,51,68,97,78"
PUBUMHXM,68
TOGGINPL,"16,13"
LTLQWUXS,"62,112"
UEOXCZJZ,"2,52"
VQFXDUDI,2
VLGUHUPH,25
LTGFSOOZ,"120,127,52,78"
RHYLSMRQ,"68,67"
NYFHZLHH,"68,123"
OYFWVPDU,"52,13"
MNMBCNQN,"2,15"
FMBCMONO,"128,102,15"
NBBOHMRN,"102,90,40,103,32"
SFSLOMZL,68
PMCTMVEI,"40,133"
WQJXEHGA,"102,116,97,133,78"
PBWLWEUL,"68,102,112"
ULVRPPDU,102
ANVSSPKK,"133,102"
GMMERPTK,"102,2,15,68,22"
ZUFODIBW,15
IBWCDVKA,"103,80"
EVPGHZQJ,69
YAOFQFJO,68
LSJDMNQN,15
RHRCOPAB,"68,5,8,78"
BLHNRVEI,"104,48,49,102,2,103,40,133"
WVHNNBXG,"104,32"
HKCEYPHK,102
GPXZHVEI,"2,102,104,90"
FWZFSZJZ,2
CTCQPMVW,"2,68,15"
LRQFRHAQ,"105,40,102"
AMVQLFXO,"52,102,135"
TZHCNSDT,102
WPQWAPKK,"38,104,90,68,133"
ZIZJNZYO,"68,40,133"
EOQKJTHG,"2,102"
NXFPHVKA,"40,103,80"
MBATVVOG,68
HPDLWJYD,"68,102"
HKZASSOM,123
JGMOEVMP,"52,102,69,15,133"
PRVLCDMX,"102,15"
HPNWQDAL,"104,123,5,128,32,13"
PXHDIHGA,78
BCNECXGD,102
SMBVMVMW,102
YAVXXVTI,"104,48,2,68,32"
GDJOSVEI,"2,100,33,104"
MRZDAUPH,68
BKVHHRAC,"133,102"
XSUQTXDO,"51,8,100,102"
UTJSXZIE,"40,133,52"
XDNLFHVR,"139,78"
GVVLFEOD,52
SXAZUBGG,"2,15"
GGAMLQWI,104
SUJKQKJZ,41
FKVWXDAL,"104,123,2,69,68"
IQYSMLDC,78
DXQPKIJJ,78
EICWPPLS,"68,133,102,100"
JXTMNPKK,"52,102,114,40,133,27"
QJNNJFAU,"68,102"
NFKPJPIF,"1,123,51"
ONNIJMYV,"62,68"
DUNSZVEI,"48,49,90,2,103,40,133"
HUEJGCND,"40,7"
LGXZLWWK,123
QLPKUWZF,67
PAGGANQN,"49,102,2,15,68"
JMWWBWBC,"96,1"
TBYQJVRU,58
MGKKTZTV,40
UZHSWTEK,40
TBIZCPIF,"133,102"
PFDMLJVY,"40,103,90"
FHIRDDAL,"5,13"
OCAWVZYO,"68,45,90"
BHHCIFXO,"104,48,102,135"
HUXGCWBO,"52,102,2,67,27,40,133,13"
MNNPMUPH,123
JMLYYPIF,121
UVPSGPKK,"38,102,90,68,133"
KIDTZIBW,2
JMKOKVTI,"2,48,32"
TDVFDFUP,102
CGVFFUDI,"2,15"
MOMQDKRF,68
FRRJNPKK,"38,104,90,68,133"
PUQEIFAU,"68,78"
FMWDWDQX,52
USSRZVTI,"2,123,102"
AAUVWMRN,"104,48,102,90,2,40,133"
RQXAWFGA,100
XTQZCVEI,"102,90"
KFANJLHH,68
GUVTOKOU,"105,102,110,69,15,40,67"
WYUKXPKK,"52,102,69,68,133,27"
AGEUEZQJ,47
LJTDMNPL,"2,68,64"
PGJUCUDI,"2,68,102,15"
BBHIYIQR,"102,97,39,8,133"
GHENRNQN,2
KQQNATFT,"38,26,102,47,27"
DDMIBGQD,40
BPJDDSBA,135
HVNDSSPG,15
NJVGIHGW,"133,13,102"
IMGSLVKA,"102,15"
CMEXBFUP,"2,68,102"
SZYUTVMP,"52,69,102"
VVYNXFAU,71
SOTFAFGA,"128,45"
XAVWOOYV,"23,97,27,78"
BQCHOFXO,"102,135"
CCZHETEK,"40,133,102"
GVXGGVTI,48
DDSTUKWA,"16,78"
UZPZVPIF,123
UBBVOEWT,123
VLUPOACP,"120,1,78"
VZVMIFXO,"48,52,102,135"
KZMEREWB,"40,102"
UBVFKPLS,"104,48,52,102,90,2,69,114,68,40,133,100"
RRKJJLHH,78
QFXYXRSU,68
VZVUMVKA,15
KULPBXDO,"2,139"
KVOYGAOX,121
PABCQVKA,"133,102"
FUFWWPTK,"68,102,15"
JOLSRBQT,100
ZFZNSLWC,68
ECYECYES,68
ISIVEXEC,68
VGERGPLS,"68,40,133"
UHMDMVEI,90
HIKFQHPH,78
VTNAPFIO,68
NULOKMRN,40
OPSCEPAB,"40,7"
OYAELTKX,"104,40"
FPOGHQWI,"104,103"
TILCSWWK,123
UBJFDQCN,"16,133"
JQYXYEUL,"68,102,112"
NKHMTNQN,15
JVJFOQCN,102
SWAYVFUP,122
MQOUNHAQ,"102,90"
NTPYJVEI,"104,49,90,2,103,40,133"
IGMVCGCS,"104,108,102,116,2,133,68,97"
BRKCMMVW,"58,104,102,2,128,10,118,68,78"
LOJCWPIF,121
BLYAFTFT,"38,26,102,47,27"
ECYWBGQD,68
SSHXIIWV,"48,133,102"
CXLRSNQN,102
FWNHEPKK,"38,104,90,68,133"
VCTOEWMK,"68,78"
TICRZKOU,"105,102,69,15,40,67"
EOWKTFJG,"40,133,45"
AYUXAMVW,"132,68,52,102"
QCPSRLKY,"102,100"
PYPCVNPO,"102,100"
NIFNJTEK,40
XNNZTXXP,78
ELIHZVTI,"104,68,52"
IGYENTEK,73
FSQTLEWB,"102,90"
AXCVOFAU,"68,102"
OHOFVUDI,"104,102,2,15,68"
WDKQOXDO,"27,133,102,47"
EXQPDVMW,68
MRCBINQN,15
FKSPOBQT,67
DXYMZFNJ,"2,102"
SBHVKQRD,103
LRDYOPTK,"2,68,15,22"
HUJPZPAB,40
JYRYSJVY,40
CXDTUCIN,"52,12"
HQQASBQT,133
FLFARPZC,"40,7"
DUFCVWBC,26
UPZCTDAL,"104,40,7,13"
KIFAIBQT,67
OTHYMKOU,102
GLFFTUPH,67
WIBNRZQJ,"69,133,102,67"
HNZEBIQR,"26,102,1,51,97,100"
QHWAAGCS,"104,108,102,116,2,68,133"
LFKSNAEM,40
PZUZPFXO,"104,48,102,135"
KTGZPOYV,78
BLXHYXGD,100
AZOSINQN,2
MDZYSUXR,40
HUQKNBQT,68
XOQCDHGA,"97,133,78,102"
SHGMADAL,"123,102,69,68,32,133,13"
MFHKTVRM,"68,102"
FFVEUFGA,102
VILYPFFP,133
SCGCMBQT,102
VBPTIJTR,15
OIFTIJDE,12
ITDLCFFP,"68,103"
FXQHRSQK,78
HNRASPKK,"38,68,133,90"
VVPDFRAC,"104,102"
QSPNQFXO,"102,135"
CMFTEPKK,"38,104,90,68,133"
JXQCOUXR,78
TUSWGVEI,"2,48"
DOBCUDSN,"14,51"
CQVYYWUH,"2,52"
ZHFVUPKK,"52,102,114,68,133,27"
IIZRHQFB,"68,65"
PZJNNMME,"52,69"
RFHKUTEK,2
QRPEHVTI,"2,123,102"
DEZUDDKB,15
MTTSAXGD,133
RLSZUKEW,"13,100"
ONNMKRSU,"14,51,102"
VBWPQCPZ,2
DSAKAKOU,67
WEKKSFFP,40
OPDOYPLS,"90,2,8,68,133"
GFUFNBGG,"90,15"
SPLYBVEI,"2,48,52,102"
IUZEQEBY,68
IOVMOBQT,45
IZHQLJNO,2
SEZFXSEB,"2,15"
GZBDRRTZ,68
JXKSIPKL,"69,78"
POSDKHVR,"68,40"
NKWFTQWI,"102,90"
WABSOKEW,"102,44"
GMTPIFJO,133
SNLLIUPH,46
ITGSOWMK,78
ZOKDYXGD,45
DBBMTVKA,"102,2,128,133,100"
FUJHDFNJ,"68,102"
FRLLRRLL,"58,128,100"
SVZQVPTK,68
LRSUPONO,"102,15"
ZNQUBPTK,"2,68,102,15"
HCNIMKEW,101
IMAXMFNJ,2
NTDYFVCV,"68,75,78"
BDAEWMVW,"58,104,102,2,128,10,118,68,78"
XMNLJHGA,"68,102"
URSQDMME,"40,133"
GIXICONO,"48,102"
FPNXPPTK,"2,68,15"
ISVZISVW,58
YUNBVIQR,"68,100"
QKDSRVTI,"2,68,28"
DKMGAJKU,"2,68"
SZKKXKEW,101
JWPKGKOU,"102,110,40,67,105,133"
LIKCQKGZ,68
LQSOXNPL,"121,8"
WAROAMME,15
JYVGNPKK,"38,104,90,68,133"
ANVHXKDQ,"33,133"
RNPAHFFP,40
BUICJNPL,"121,123"
HWMHVFXO,68
BMNIKVMP,52
VTLJOPKL,40
AAACXZTV,"2,40"
RPHWAVKA,"40,103,78,80"
YDRFFRAC,"133,67"
GTKZWXSF,"21,68"
ZZIEOSOM,"52,57"
IONOCBQT,102
KDQCMNPL,"52,15"
EAXLHZQJ,"105,40"
LAHMRZON,97
HXTRRGHA,"2,133,15"
XJMAEGCS,"104,108,3,102,116,2,133,1,97,118,68,96"
XGHWSPTK,"2,68,102,15"
GJJTPXGD,25
KABXWDPO,14
XOLZIKRV,"48,49,102"
JCJVNVEI,"48,49,90,2,103,40,133"
QSSDODGW,102
WBJBLUUK,105
GUAIUWBC,"68,102"
WXQNJVEI,"104,102,90"
AIHZXAMC,"108,106,102,65,133"
SRMTHHAQ,"13,102"
YLZBNFGA,100
LZVGGUUK,105
ASAUWQTX,"68,40,7"
ERTBYMRN,68
XTKGNVDY,15
VZVBBJBD,102
OEUZDOIM,78
SVTRRZAA,123
KKVMKVEI,"40,133,45,90"
BQIKNLSQ,"48,40"
FNNNHHSA,"52,69,102"
IAUIXYSZ,"58,48,78"
BDWCVSQK,78
AJYDMSBA,"38,102,15"
PEBUYNQN,102
PXRFCLKI,68
HLGTQNJC,67
HMCPWUJL,102
ZZFRYBQT,59
KJPRFDAL,102
UZMJVIWV,"48,52,102,69,15,133"
AEXZJFFP,"40,133,102"
ZFXUJPKK,"38,102,84,67,68,133,46"
RPGFXNCR,"68,102"
WDJRZDMX,"102,15"
KJNBFBME,40
QPTPMOOZ,127
JOAVVHVR,"123,78"
FIPGJDAL,"68,133"
DQBCVVKA,15
GOEXWYUQ,78
QSJIHKJZ,68
KBIFYKOU,"133,102,15"
KRJTGRSU,133
PCEATCEI,68
IARHMEUL,102
OTJARQJN,78
JPIPFFNJ,"1,51"
PNCRGTFT,"38,102"
EVPBQPHK,"40,133"
CZZRCFGA,"81,48,68,78"
TENESIFB,2
TUONRMVW,"58,104,102,2,128,10,118,68,78"
PYBFBAHW,78
NHUVNLSQ,"48,102,15"
NTBMTGHA,128
EFJHFDPR,"104,133"
IIXYHYTZ,102
VJRCEUXS,78
TMFKWLHH,"120,1"
ZOEKYFYY,"2,133"
XZEZBDCC,"52,133,102"
XZOZRRTZ,68
YYRAJUDI,"2,68"
BTLNIZYO,"68,40,133,102"
YELMSBXG,104
ELLXCQTX,68
GMOQFEDF,68
OFAPNPKK,"38,104,90,67,68,133"
ZYCLEPKK,2
YTAYXJIR,"68,13"
WNPCNZYO,13
JMORBUPH,"40,7"
WFKBBXGD,100
UFBGGDAL,"69,2,68,133"
ZEWFKRAM,40
BCVPJDCC,"48,133"
NVJESHSA,"128,52,69,102"
AMBMZFNJ,46
ODQIPOTL,"114,15"
HNGSEHGW,40
SGGJRUPH,15
CJKMHHDU,102
JFXMSIQR,"39,8,102"
MYIQBFAU,"68,102"
UZJPJPTK,"68,102,15"
QWVRQXGD,40
WQHIUONO,"128,102,15"
PFAYQIFB,68
GVKMVAMC,"3,133,102"
BFGAZCND,"42,40,7"
ZWMDVKOU,"105,102,110,133,15,40,67"
CMKUCEOD,"115,102"
VPIUPIQR,"1,26"
XFDRYFAU,"78,102"
FFRWUVMP,123
KQLVGNPL,"68,133,45"
ZKCUVFAU,58
JHWOOPTK,"52,15"
DQOJNATH,"68,102"
GLBMMSBA,"1,26,102,135"
TDBHNMRN,"2,68,133"
SHNLMSBA,"49,40,133"
WLZCHQCN,102
BUGPLDEV,2
WZIWCPTK,15
WBGPMJWU,25
WXCUXNPL,"69,15"
PINNBXYT,74
EWGAOYUQ,102
XVTVBFJO,68
VIGRPHVR,102
FXDHFVEI,"102,45,90,40,133"
XBXTCGIW,68
LVXDASBA,40
NUBBXWRZ,49
MDNZMFGA,"81,48,78"
ADIEJNQN,15
WAYROKGZ,68
JUCUNUPH,102
KFJKIKBS,78
CJLDASOB,78
OEOKOSEB,99
YHKJZHGA,"48,102"
ADGACPTK,"104,68,102,15"
RUNBSZLK,"104,102"
IWWBWTCN,"68,133"
DUPCUONO,15
RTSKJATH,"68,78"
BNNLUNPL,"102,15"
UNGWRTFT,"38,26,27,102"
LUPOLSQK,40
EDRJMKOU,"102,110,40,15,105"
XUBXXVEI,68
MOQDFBXG,"48,90,114,68,133"
HMOCIFXO,"102,135"
KNEFZCEI,"40,78"
WVLPSNQN,"2,68,15"
KKFBNPLS,"68,133,102"
HCWQXFUP,"68,112"
FONDGHGA,"2,68,78,102"
HMHEPXSF,"105,102,15"
BRTNFTFT,"38,26,27,102"
SZFNUPKK,"104,68,90"
ADFOXBQT,"68,100"
VYGRANJC,8
DBTQDJVY,"48,102"
PYVXNFPE,68
GUIZBVKA,"80,78"
QCWSWHGA,"102,116,97,68,133"
JKVKEUDI,15
VEOCAUBE,78
YHUZBWTR,68
OOVBPCGB,133
DUQZOSOM,101
ZMEFWXGD,"68,61"
QRJUZUDI,"2,68,15"
JEHFVPNE,78
GHUGJBXG,"2,67"
QUIEGVTI,"2,48"
PFFKFNSU,100
UUVXLDAL,68
SUHPSNXN,"69,37"
YQKENOQU,68
GTWDIPTK,"2,68,102,15"
FEGKSVEI,"104,40,90"
ENUNXLKY,35
QWSWMDAL,"68,133"
KGDBHNPL,"2,49"
OLCWRAYR,68
SZCVWUOY,37
LRPBJUDI,68
FOJRNLHH,"68,92"
QDESMRAC,102
XMPHKNQN,"102,15"
CXTYJVDY,15
DYKIEKEW,78
LJMWBLWC,68
KXFUZOTL,"114,15"
QZREZMME,133
MGBAEQTX,15
BPVBMXGD,123
GBGUSUUK,"102,15"
MITVPEOD,52
EYNLBVIQ,"68,75"
EAJYVMME,"52,133,102"
KPSJINSU,133
YQWJMSOB,78
MNXBMEUL,"2,68"
VGKVELKY,68
HKVLEWMK,78
AURXBXYT,"102,74"
FWRKOVKA,100
YXJGIUDX,133
VIGMWXYT,"104,48,102,2,99"
DDXGNSEB,15
BGVBEFXO,"68,102,15"
BHXCFIKV,"123,102,68,40,7"
ZFOFMNQN,"2,68,49,15"
MAGYJLDC,68
SERERIKV,"68,123"
PEODPDMX,15
JBPMDPKK,"68,52,133,102"
VQMFJTFT,"38,26,102,133,27"
HSJHEFFP,"123,102"
HNPJPKOU,67
DQVMLBRS,69
UXBAMZYO,"133,102,90"
NATJFJVY,"48,102,69,128,67,40"
TQBJBWBC,100
LOASEKBS,52
BRLAUOIP,"40,7"
AXDCRKOU,"49,102,15"
VZXKRVEI,"49,48,32,133"
BYJJLNPL,"58,68,76"
QCAFWKOU,"68,102,15"
IGUGJCKR,"102,15"
VEICFFFP,68
HBHXHPTK,"2,68,102,15"
IANIVVEI,"133,102"
DUZMMLSQ,"2,68,40"
HBDQLZQJ,"48,102,47,51,67"
IFVAIVMP,"78,102"
CAKUBUXS,68
UTZEDNPL,"76,133"
TEGHDLKY,35
IWFCQMWW,15
EHRUPFPE,"78,122"
MNOPWHSA,40
MGKAUMHZ,68
LGXHMCND,68
PUDVBMYV,68
BSVBMVMS,"40,133"
DFPMGPTK,"104,15"
RLBLBHSA,"52,102,2,15,68"
FHUQHONO,"2,48,102"
NSMROWMK,68
HXLVDZIE,"69,40,133,52"
XABCSVEI,"48,103,135"
JTDFCPAB,"58,52,102,68,78"
LOVLSDAL,"32,5,13,67"
OIGWMNPL,76
EKOGXXDB,71
BIODAVEI,"104,32,90"
XKCPPNSU,"133,100"
DZMSMUDX,133
DXSOTLHH,78
HQMIPKDQ,"104,48,102,1,40"
PKFGDXER,78
PYWTJEOD,"102,69,15,68,133"
NFJQPUPH,123
FMIKUIQR,"1,51"
RGDAMJBD,"103,15"
LZJLPBXG,"2,40,133,67"
LCIIUPLS,"104,102,68,40,133"
UWVDMPAB,68
HOGYZBXG,"2,40,67"
BYBEEEOD,"68,102"
GRGACSVW,68
CFQMETFT,"38,26,102,47,27"
GLHJSKDQ,68
JQSZXDAL,"68,32,123,102"
TMNUQMME,102
YNHFAEWB,32
ZTBVZMHZ,"5,8,40,7,13"
AIDAZMRQ,102
TXMDTNQN,"102,15"
ZIBWIVEI,"104,103,135"
KMSUMHAQ,"2,68,69,102"
LCBKFOXJ,102
GCVEUMVW,"2,68,15"
ULHCSFNJ,133
LVSQUXGD,61
AKKBOSBA,40
FNHMJUXR,"40,78"
KNLWVXMC,"80,102,78"
QGCFAPKK,"38,104,102,90,84,67,68,133,46"
OUUJJRJS,52
HGLHSWZS,123
IBTIJPKK,"38,133"
NPNRKDCC,"52,102"
DRZLHQCN,16
JREJHBME,"40,133"
QKOYENQN,15
HPFYHNQN,102
PFDGBHEB,40
CFWXGWMK,78
AIAPAZJZ,"133,102"
ENKTGNQN,"2,68,15"
PUYOQDXI,68
FPIMDPIF,"1,26"
SMRMIOIM,78
MLKUSIFB,68
VTEUZEWB,"133,90"
LXULKFUP,68
EIYKXKOU,"105,102,110,69,15,40,67"
ZKRZUBQT,40
QQEKNWMK,68
JUSPNHBS,102
WUWVCPIF,123
AAOYRUDX,133
MSNHBIFB,68
ZQQXLMYV,"68,1"
PLVWJMME,102
UVBWKBQT,"104,68,73"
CMKWUXGD,"2,68"
ZWHHMHFB,"133,102"
LWPYCMVW,"2,68,15"
PSXEKEWB,32
NJFPTHDU,13
SPLLAKPH,102
BDDKGMYV,2
FZKDCCDA,78
ZVZKVBRS,40
VXMUNFFP,"13,102,87,67"
EGWAZVTI,"2,48,32"
FPGEFYES,78
XRLSHLHH,68
BIOCRBQT,2
OPTCTIQR,"102,133,39,8,120,97"
OAJGVLHH,133
ZNVASFUP,"102,112"
THBBYKRF,78
QKYUGJVY,40
VWJCEPLS,133
CJJNUHGA,"102,116,2,133,118,51,68,97,78"
NXBOLHGA,"117,45"
RNVNGXYT,"90,116,74"
AFZTOONO,128
APXNBRDX,38
OPGSWFXO,"48,102,135"
VAJHBMVW,"68,102"
MDWDWNSU,2
JUWHCMVW,"102,128,10,68,78"
UVKJKFNJ,"68,133"
SZQICDAL,"32,5,13,67"
BLVKGCCR,102
AJLMQTUB,123
SNKRGPTK,"68,15"
KBNTXNQN,15
MUZJQLDC,78
CKMBIUPH,123
AVXBSUDX,"14,133"
AEGVXDAL,"52,123,102,2,69,68,32,133,13"
FWPNCDSN,"14,100"
GKHKHDAL,68
ZOTKPRSU,100
HQAPPIQR,"51,26,100,1"
IRJWZVTI,"48,32"
PONSOYES,68
VGNGQZIE,"48,40,102"
SARSBHVR,"21,68"
NZWKBVKA,"2,133,102,15"
AADBUVKA,"2,133,102,15"
EHZOWYMI,40
FXGTKFYS,"68,133"
PYXDTKOU,"133,15"
WORACZDI,123
WSIAZKOU,"105,102,110,69,15,40,67"
VCGSXXER,78
TMPEQBQT,"13,78"
ADEXITFT,"38,102,26,90,47,133,27"
JYTMJPKK,"38,104,90,68,133"
RJUOOFXO,"48,52,102,135"
OKWTBZXQ,"48,102,15"
CVYMYGEG,73
HXDRNUDI,15
FQTQFGHA,"128,68,15"
VNIPHDKB,15
HPLXTJBD,"128,102"
OZVOPFGA,133
GXCJRKEW,"13,100"
TFFAEWUH,52
UUEELRLL,"58,104"
NKMIVPKK,"52,102,69,68,40,133,27"
XTJMAXGD,133
NGIUQXSF,"48,10,21,67,40"
UTEOFQTX,"6,8"
VQBSXVTI,"2,48,32"
TEJPLNQN,68
EJPWZTHG,2
CHTFRPKK,"38,102,90,84,67,68,133,46"
NRSQEMCW,102
PRJCMTFT,"38,102,26,90,47,133,27"
DJMMLVMP,"40,133,102"
UBTVPVYK,"137,46"
QDNJOHSA,52
LYXAYPKK,68
DFWJKHGA,"2,68,102"
VURVXXGD,100
YPSGQYMI,"120,68,40,78"
GGJWZKDQ,"114,68,15"
FAQIHEQQ,68
CGRJJPKK,"68,90"
IPTHEHAQ,"110,78,102"
PXNGVHVR,78
WYZDOSBA,135
TCPHAUDI,"104,2,103,15,68"
WZYGCTFT,"38,26,27,102"
FWMVSBXG,"68,133"
LMLAAUDX,40
XRLZNVEI,"102,90,15,68,40,133"
ODXQUPKK,"38,102,90,68,133"
XTTXSHAQ,"13,78"
SDITALHH,67
LVRTDMYV,1
QNZKMSOB,68
VCZGXWPM,45
XOCVGRLL,"42,1"
LFVYWBQT,102
TENUWNPL,"102,15"
CKOZFDGW,102
GECZMXGD,133
AGAZXKEW,90
YJNEEVMP,40
NQHEJMME,52
DQSNIDAL,68
DXNSEQCN,133
TFNYDSOB,78
QGCYTDAL,52
BXBZKVEI,"2,123"
MUNHMVEI,"40,133,45"
UDPOJWZS,"49,103"
GPEOTPKK,"38,104,68,133"
GGBEHSOB,"2,68,78"
RTNEKJVY,"48,40,102"
XVCRDEWB,"15,90"
APSJJPAB,"5,8,102"
LYVBPVEI,"32,40,90"
FZGUWPTK,"102,90,2,15,68"
KSRLAUDI,104
MACHXATH,68
PBXOORSU,102
TJVFGSOB,78
CPRKMPTK,"68,102,15"
XDCLOEOD,"2,102,15"
AWILCUPH,102
BRPINMVW,"2,68,15"
PVAZPLBD,68
SBRDEXHP,49
JFTSSPDI,123
TEWPLIWV,"48,102,116,15,133"
NAAYJVKA,100
HDHIMGIW,"104,68,139"
LJTNGONO,"2,15"
GGPAALHH,"78,67"
FGCIMLKI,78
VVTBJPKK,"38,102,84,67,68,133,46"
WHSHPVMW,68
NWCLHRAC,102
NFOCOJNO,78
QVFYWXDO,"100,47"
NJPUJVTI,104
DERJKVMP,"68,102"
BKJNMLSQ,"48,68,102,15"
GONEEKTH,15
VUSEWVEI,"104,123,102,90,68"
WFCDELVZ,102
KHHCNXGD,38
PNIUQBQT,"104,116"
BWODKXYT,99
NIFCHVCR,"133,68,123"
PWIOWTCN,133
ISINALHH,2
LPBKOXYT,68
IZDXMEWB,"133,102,100,90"
AOFIILSQ,102
VGEIFVEI,40
GMNGCFUP,112
XIKWDBQT,2
DVAOTHFB,68
VISBAIMN,133
KQXSJZQU,133
CDBMYLHH,68
NRJCINPL,"76,133,102"
JQMNMTKX,102
RYNIZGQD,123
FEJKQKGZ,"123,37"
BVOZWUDX,"120,1"
VDJFNUOY,"104,102"
UALGUSBA,"32,103,102"
VAIUBPLS,"90,2,8,68,40,133"
NOPRVZYO,"52,133,45"
QMOCYMVW,"58,104,102,2,10,118,68,78"
FFKOTPKL,68
YEOVDTFT,"38,102,26,90,47,133,27"
VMIUDADX,99
PHSRRSVW,2
GPTCLVEI,"68,102"
TXZKQTKX,104
BQUJWWUH,102
FGJBJBQT,"13,40,102"
ZHETNDCC,133
TAYQNAMC,67
FQQSHEWB,"48,32,90,135"
MIVIHWUH,"40,102"
HMHUNDAL,"49,2,123,102"
DZHPVVCV,123
ESSNTDSN,67
VDEKCMHZ,"123,78"
PHGSNJWU,133
TDYGZXDO,"50,133,102"
DYTYOTCN,68
ZBSXEJYD,52
KWLMQUPH,"133,65"
OGHJHSOB,78
ELJSQVMW,68
MFMJOHGA,"133,102,117,78"
LNURUHGA,78
TQYBDUDI,2
FVCNCWMK,78
BALJQFFP,"68,75"
FNYMPLHH,"40,67"
JDJMHRAC,"133,67"
VIYYJPTK,"68,102,15"
FIRVINXN,123
JEVQKRAC,"16,102,116,67"
PCIXBSOB,78
TYVKWEWB,"52,133,27"
RTYNKBXG,"104,32"
XRVZBVKA,"102,15"
ULFNPLSQ,"68,40"
TDTRXTEK,133
NMMLDVYU,133
EANRUTFT,"38,102"
RCKXYIFB,"120,40"
YEMWHMVW,"132,68,102,15"
CSKBQFXO,15
CTTQIONO,15
EULUBJVY,102
VQHYTLSQ,"128,40"
OJHYTIQR,"2,102,100"
TSYWDFAU,"120,1,8,78"
SFUWLXGD,68
SHNQVEOD,"102,15"
MUNNRUDX,"68,14,133"
QRYOJNQN,15
MVMVUJVY,40
WYMPJHGA,2
KOMPORAC,133
JDSNJVMP,15
LSQZWDFS,68
IFMEXCGB,25
PCJJGSOM,"48,101"
MPMUXUXS,"2,68"
FSCFJEQQ,"16,68"
OGUDDPKK,"38,104,90,68,133"
LYJARPJK,123
AMZTOPKK,"108,133,102,68"
BGGLHUHU,67
QTMBGBQT,"68,75,78"
JOPLOXGD,"104,102,45,2,63,67,40"
XNLWIHAQ,"2,52"
NGEHWTFT,"38,26,102,47,27"
FLQDVHGA,"102,116,97,133,78"
MDOUQWMK,68
GXSAGLVZ,"2,68"
MUIOZWZS,"104,123"
TAUGCVKA,"128,2,133,102"
BJMXYPTK,"68,102,15"
JJDQHJBD,52
DNQSOHGA,"102,2,133,68,97"
HOFOHGQD,16
OTWMZVKA,102
OKZBSZQU,68
UQVYJSOB,78
XQQWECKR,15
DSCRZXGD,"40,133"
EVEHIMHZ,"62,21"
OSSTCRAC,133
WPSNTMYV,"68,1"
CGHWZFUP,"68,112"
EISPHXDO,"42,7,29,51,8,96"
RNKAVNPL,64
NIFQLMHZ,78
KHYMURGE,28
FHHLMVMW,"68,78"
HWBOQGIW,"2,68"
NRSKESBA,133
NGPXZMVW,"102,2,15,132,68"
LNAVEPDI,123
SAXIPWSW,68
KQZQPPDU,2
OCPZWLWC,"68,40"
DAYZBVMP,"21,40"
POIARHPH,58
TRCKCXGD,"102,45,2,63,67"
XOJAOKRV,15
EXIWUVTI,"2,68"
ZRTFUJVY,"40,102"
IYVADEOD,"68,102"
DERLVKRV,49
PZZGGUDI,15
JVAROLHH,"68,65"
GGCODHAQ,"68,133,102"
IRFOYOIM,78
LZQSDRAC,"100,67"
OPVCIZTV,52
TXUFBTEK,"40,133"
RYYHWDSN,133
ZAKCQOIM,"2,94"
CKKBRWRZ,"52,133,123"
VMJFODAL,"104,68,40"
HBDPBMRN,"48,102,90,2,114,103,32,40,100"
MWHYJKOU,"68,102,15"
JZFFKADM,"27,78"
QCNXCLSQ,"52,102,78"
KPXLDMRN,"48,49,102,90,2,32,40,133"
HCQHHPAB,"120,7,8"
DHSDPFFP,"68,78"
TTUOHZYO,"2,68,40"
XKQHRSOM,"48,52,101"
BQQSTKOU,"49,102"
XCQEXVEI,"104,48,103,135"
WRSZRBQT,"68,102"
IIQHKKDQ,"68,52,133,102"
VWPJATFT,"38,26,102,47,27"
PWZQQDMX,"102,15"
MGRLFFYS,"68,40,52"
TSVNSFNJ,133
YABKKSBA,"13,102"
PVFDNIBW,49
FQPNNPKK,"38,104,90,68,133"
PQKMYPIF,1
XRSFEUXR,"40,78"
TWSSDUXV,"102,15"
RHUPCKOU,"15,13,67"
FSBRPHVR,"21,139,68"
FLEYKTFT,"38,26,27"
VYWDBKOU,"68,102,15"
EZNHAMVW,90
MZVFKSOB,78
QRQNPPKK,"38,104,90,68,133"
NFCTALLG,"80,102"
DPYATIFB,68
HOCSCIQR,"102,1,51,78,100"
PJGBLQFB,8
LNWEUXGD,102
MPQITVEI,"104,49,2,103,133"
EXCPZHGA,"133,102"
VOBJIXXP,1
CQOJLPTK,"2,68,102,15"
XOOHHUDX,133
GYLJEVOG,"2,94,68"
AWCJPXGD,"40,133"
MNNDYMHZ,"78,102"
DMXHVDAL,"68,123"
GVAYBAHK,40
FDUVRVMW,78
MEEGNDAL,1
FDNVPUHU,40
QDVTTZIE,40
VLRYPXGD,"68,40"
OUDLXPIF,1
SLXPBXEC,"81,19,102"
TCOSSMME,"48,40,69,102"
CZOAREUL,"68,102"
WBVZADAL,102
SBCLXMWW,15
YSUCYLKI,40
RCHIZFYY,2
WQFEHVTI,"123,102"
AUKNEIFB,68
AXQHAZJZ,"133,78,102"
ZVYKQLWC,68
WTDJLDEV,102
TFQPHGEG,68
UZYXFADX,"52,69,102"
LPRUIQCJ,40
MAIMQNQN,102
RHUFLVRM,0
YXCBCPLS,"2,68,133,102"
HFPFIRAC,"133,102"
UVAQCRGE,"123,8"
LNKQTFFP,"68,123"
ETRDYFFP,133
NNVDQAMC,133
HEUXYBQT,"68,102,45"
BCSTGPTK,"2,15"
OYCURADX,"52,69,102"
YUEUJKBT,52
MWHPFXGD,78
BTMAWFGA,"133,102"
ZJTIKUHU,2
ZJUCRVEI,"104,48,49,102,90,2,103,40,133"
HEALVQTX,68
VSSZBNQN,"102,15"
TQFUMPTK,102
SAXHJVTI,"104,68"
CPPIKYTZ,"104,49,123,102,133"
LMNMBEQQ,68
FROADVKA,102
CHZQGJVY,"128,40,102"
MBBHISOB,68
MYZFMNCR,"104,102,90"
OARHBHIS,"78,102"
XHLUYOXJ,133
EHYNMGHA,"128,68,52,15"
UDIGRMRQ,10
SKABTSBA,"38,135,102,67"
PKRGPPAB,"68,53"
AQTQSVMP,"103,116"
SPHMYPTK,"2,102,90,15"
OGWWRBQT,40
KPGEMLWC,68
AALMTJBD,102
QTKJUNQN,15
JZMJKFYY,"40,7"
IFIFVFAU,44
YXSWBANS,"68,75"
LJARVIQR,"102,39,8,120,97"
MEEYKHAQ,"48,133,15"
OUCOFDCC,"52,102"
RHXPNVEI,"114,90"
RJGPHSOM,52
HUVHETKX,2
VPDCIVEI,"104,48,49,90,2,103,40,133"
YTWJUFUP,68
UHGOMKDQ,"68,52,133,102"
ADVHUHGA,"133,78,102"
IZBTHBGU,"68,41"
FDJPDUHU,2
YRYAGZIE,"40,52"
ABATBLHH,68
GWQNOWZS,123
ZTXGGKGZ,"123,37"
YYDJOJVY,40
PXFSRBQT,52
TWFXUNSU,"133,100"
YDAHKPNE,78
DAWAPJVY,102
DEZVAHVR,8
TFKNJHVR,"1,7"
AMZOHDUC,78
UPWNCKEW,"30,139,102"
WIRTNKEW,"69,123"
XYXUJIMN,133
VHCQCATH,78
JMUPWNQN,"102,15"
TEEMZZLK,"48,102,128,40,133"
QNTSZAOX,"121,123"
EBBLIFXO,"48,52,102,135"
DBILUSEB,"99,102"
PKJJFPIF,123
SAOIHVCV,133
HNHAVXGD,100
YGXKDIQR,"102,2,1,51,67,100"
TECVDKWA,"2,102,73"
JEUJMLHH,68
XFNYFEOD,"102,90,15"
VFOLKPTK,102
PCSJIJVY,15
EOUKOVKA,2
PJCJLLKI,78
LPZMRPTK,"2,68"
SYHQKRAC,"2,68,78"
MEOFUYSZ,47
RMUGTHGA,"68,133"
BPXSCMWW,15
VBAPLFFP,16
CTYIVBQT,2
AHHOXZJZ,"40,102,15"
GBBWJHSA,"2,49,102"
SGELWDAL,"104,52,123,102,2,5,68,40,13"
NESAICND,"40,7"
IMEVKMRQ,68
MKRCCVEI,"48,52,102,103,40,133"
DIUXFPKL,67
GWRNZUDI,"2,68"
AHJRRLHH,16
WRANOTEK,2
UZHWISEB,15
SAJUPEQQ,"68,52,69"
XAULYSOB,68
LEQYHPTK,15
DVFBHJVY,102
JBRQKDAL,"68,40"
NDZHLKGZ,123
MCNMMJVY,"40,103,90"
ANARKHIS,78
JWIJIPKK,"68,133,90"
WOAOXBGG,15
FURINQRY,45
IMLDTCDA,"2,68"
GGPSFVEI,"133,102"
YBCPZEWB,32
STUJXAHK,25
BCHDBGQD,10
KUXFMXGD,"40,102"
WVXMZTUB,102
TWJQZFGA,46
PUJSANPL,51
KIXKPMVW,"58,104,102,2,10,118,68,78"
XAVXMSQK,68
VWVPKEDF,2
ILBJWKTH,15
YEEKVXGD,52
KHEIMMVW,"58,104,102,2,128,10,118,68,78"
LSPZAOYV,"40,78"
TGWSCFFP,102
QFZCGAHK,40
GAOZGAHK,68
JBFNDPKK,"38,104,90,68,133"
LBMMTDAL,"104,5,13"
CHBZBPDI,123
PJECKUPH,"52,15,105,133,13"
ALFVCNQN,"2,15"
FLHWCVKA,103
SDIFQRTZ,68
OYTSFUDI,"104,2,103,15,68"
RDNYANCR,"102,15"
AZEAVOOZ,78
BLUEYBQT,67
RRCURPAB,120
ACGRJOOZ,"68,138"
CWUJJCND,68
SMATSTHG,"2,100,16"
BEHMMBGG,"2,103,15"
CBSTSPHK,"128,40"
RWFWTBSK,123
QALLFKBS,100
OIDEMXDO,"139,95"
WABPBVEI,"48,133"
QWSLEJWU,"2,68,133"
XNRNNOTL,"68,15"
HHOCAVKA,"40,103,78,80"
CQIICMHZ,102
LAZDUQRD,103
JHWSAPKK,"52,102,68,133,27"
SRYUFUDX,52
IAOTGLHH,2
NSMQLXGD,"68,40"
ZXMGYPTK,"68,15"
CHQDOEUL,"102,112"
PATIJPKT,102
TAIEHVMW,78
UDFQGFGA,"68,52,133,102"
VEXTJNQN,2
WIXUSXMC,"68,102"
OTYBJXGD,133
VWHDGPKK,"38,104,102,90,68,133"
EAHRZELW,68
MZHBPKOU,"105,102,110,133,15,40,67,13"
SZYNVPIF,121
AIBQKOIP,114
OLVERPIF,"133,102"
XKNPQVMW,68
ANXASVMW,68
MZCMSAMC,"139,133,102,74"
PSWQZBQT,"84,68"
WRPQWNPL,"52,15"
QMMOGDAL,69
VWQQYKBT,"68,102,90"
BWPFNMYV,68
SPZQMIKV,78
NISZDUDX,"108,133"
ROLRUSUS,"102,15"
OFUYPVMP,"48,67"
EHOMGKGZ,68
CSDSQDSN,"68,102"
IXVHXVEI,"104,32"
PIKOLCIN,45
EVJZEZLK,128
VFJBLPIF,123
GOVXEMME,48
TOGGDPLS,"102,90,2,8,68,40,133"
AXQGFBSK,123
AIFSREBY,"108,68"
OEQCLKBS,"68,133"
KKAUZVKA,"102,15"
OIMVPSBA,"38,102"
WZHWSDAL,"104,52,123,102,2,5,32,13"
QYLTWXDO,"91,100"
BLWPTPLS,"68,133,102"
PULDPLHH,78
SUEPGFPE,78
OJGRAVEI,2
KVKBIXFE,52
DFKKYUDI,"2,68"
QXCSWOOZ,"68,78"
NQALHNQN,15
FVNUEPLS,"38,104"
ERGXGEOD,"49,15"
LUCCDBQT,68
HCWRWFNJ,"68,123"
GBHDCXGD,"40,78"
NBCUCMRN,"40,133"
YJYGYMVW,"58,104,102,2,128,10,118,68,78"
PGZHLBQT,78
LNICQIQR,"133,102,39"
UDUAQDUC,"40,7"
TYVMVUPH,123
UWBIVJVY,"40,69"
PROZLDPR,"82,102"
GXUVTZQJ,15
SDKDLHGA,"133,78,102"
XGQWMUIV,"123,102"
UOXJMWMK,68
JVXUKVKA,"133,102,15"
TFXPKBQT,"75,78"
GMPIRTFT,"38,26,102,47,27"
TPJHSNPL,"76,133"
KPQGYVKA,"102,15"
VAACJKBS,"123,102"
TOCTQIQR,"102,39,8,120,97"
GQKKSKOU,"114,133,102"
SWKHWTKX,"52,102"
QSVXTVMP,52
JCUPPDPO,104
EPASYPIF,"1,8"
FLEIEDMX,"102,15"
DUKEWVEI,"104,40,102"
ITNSANCR,"101,102"
NMSFSSEB,"102,15"
BAKRLFYY,"2,104"
FDTUHUDI,"104,102,2,15,68"
YHADQJVY,40
EXQOHHGA,"102,2,133,1,118,51,97,78"
FAQMLSBA,38
UWDNTRAC,"133,102,67"
GNRASTFT,"38,26,27,102"
DNUGAFNJ,52
KHSPLUOY,28
LDNBUJIR,"52,102"
MOHRXADX,"52,69"
GMLHMPKK,"69,68,133,102"
AKUWYVEI,"40,133"
SXXTQZQU,68
PTASHBQT,40
PNBORPLS,"68,133,102"
ZOSSITCN,133
MIQYQCIW,"7,8"
ZWQVNBQT,"104,73,116,2,68"
YJXAAKJZ,78
AYQPBCDA,68
PQZIIDGW,52
RRFXGVEI,"104,48,90"
QGUSNEOD,52
RGRHLMVW,"58,104,102,2,10,118,68,78"
CPRGDPIF,123
QBTVXKDQ,"68,15"
WJOJFJKU,2
QYKWBKTR,"68,94"
UHJOLUIV,"48,5,8,37"
NKENROOZ,"68,78"
UAZFVZGK,78
DUISJNQN,102
YCWNTMCW,102
PJYYMWUH,68
CNLZMMYV,"62,68"
NJFVARAC,"45,100"
OLIIRQJN,40
AOBREBGG,15
AVDZYRAC,67
UDEOBXHP,15
URWREMHZ,68
YCVQMNJC,47
URAPQVEI,"2,103"
ACQNBEOD,"2,102,15"
CKCDFSVW,78
VOVALBQT,2
RQNQHFUP,"2,68,78"
CEBOCNPL,40
TUYMYVEI,"104,40"
CULPIPTK,"102,2,15,68,22"
BNXQJIYC,"7,8"
OPFCTHGA,"102,116,26,2,133,118,51,68,97,78"
MIMNBONO,"102,15"
GDUMZFKM,25
XSGWCKOU,15
JALMQSEB,102
MUMHBEZZ,"2,40,3,68"
AVCCAJWU,25
ZZZNFKOU,52
EMEZHHGA,"102,116,26,2,133,118,51,68,97,78"
TLULDDAL,38
WYGPOKOU,"102,15"
OPJORBXG,"2,102,67"
HRQEMLHH,40
UDJINFXO,"48,102,135"
RMFVJIKV,100
AKNVODAL,"68,133"
TTFYDICI,"68,133"
NUYWUPZC,"40,7"
GJSJCFYY,104
PHKOQNMW,"68,123"
EAFELUPH,115
QNUBQGEG,100
BHHKVWZS,123
ASRFKBXG,52
DQXOQEOD,"68,133,102"
DVJQEXGD,100
FYIFHEDF,"10,102"
DYVUQSBA,38
LJLANZJZ,"103,102"
PPBIOVEI,40
DSUCBXGD,102
OUJPXTCN,"68,133"
RGZHMZQJ,2
LJBTHUPH,102
FIOISXSF,"21,40,68"
IIUDSZJZ,"52,102,2,69,78"
GVBJCBXG,"68,52,133,90"
KAFJUIQR,"26,102,1,51,78,100"
CNMVUJVR,102
KJLRLMVW,"68,102,15"
ACFCJUPH,123
KYRRTMVW,"58,104,102,10,118,78"
KHTHXSOB,68
OYFADXGD,100
TQUQHNOT,123
YKUJMVEI,"32,133"
YYXFVVEI,"48,135,2,69,103,32,133"
YNVLBVOG,"68,94"
JOENPCND,67
SKLQETFT,"38,102,90"
ZCIIBHGA,"102,116,26,2,133,118,51,68,97,78"
UPGRPMME,90
TFEZCUXR,"102,47,67,40,78"
GQLTMLDC,78
TJHBAVMP,"133,47"
EOKMKFNJ,16
NOVYLBME,"29,100"
KFKPRMVW,"102,2,128,15,68"
KCOFALDC,68
OKTKWMCW,102
WWJAWPNE,78
PTTXIFXO,"68,102"
LDVDZPTD,"40,7"
DDUYGUQK,"49,68,133,102"
CEHDAXYT,"90,74"
CDDDJFPE,78
DQNYBPKK,"38,104,68,90"
CVEBLMWW,15
OGWVVIBW,"2,68"
ZHYSEFFP,68
XVHRBHGA,"133,102,97,78"
TNQUBMHZ,"13,5,8"
HXETELSQ,52
KQAUVLSQ,"102,15"
IXMMHUPH,"123,45"
COVZWPKK,"38,104,102,90,84,67,68,133,46"
FAGCIPTK,68
JIDWOXMC,"80,102"
RNPEOJVY,"52,102"
HBMUOIQR,"26,102,1,51,78,100"
HJOBSVMP,102
NJZGPPIF,"133,96,120,1"
NTJFIUDI,"2,68"
RTHQAPKK,"104,40,102"
WKVUJHGW,"102,45"
ZTUGLXGD,67
AAUQSVYU,133
UKADXQJN,40
DHABDMYV,68
YJQYTRAC,"2,78"
TIRRVFFP,"1,26,47"
CCDFQHFB,102
GIWYGRHB,15
QRNFHSEB,"102,15"
AHZOSOIM,78
SYSGSVDY,90
NKDWLVMW,68
PINBPPIF,123
FWDICAHW,"68,52"
BUKNBBQT,40
YMAEFZYO,"68,45"
ITLTWHEB,47
EZCAYHGA,"133,78"
SFKOODAL,"104,5,40,7,13"
CDAWFXYT,"99,102,74"
KVLECRJS,1
CUPZWQTX,"2,48"
AIPLDNQN,15
ZVUTDVKA,80
EHBAKEQQ,"68,133"
CECIMSBA,102
NNYPLONO,"102,15"
PJUVLSEB,15
TQCINWWK,68
NRXPQKOU,"69,102,15"
XWLPAACP,68
FFHIMDPR,45
MTMQENPL,"2,102"
ARSNNDAL,"104,5,13"
YLUXMXYT,99
NQASJRAC,"40,133,102,45"
EDACWQTX,68
FBKVUDFS,78
QZXRIVKA,"102,2,128,133,100"
LBVVBZJZ,"133,102"
XGTSONSU,133
ESEYPFXO,"102,15"
ECJSDXGD,100
ESKMRFFP,68
CVYUTKBT,"133,102"
HOHEVMHZ,8
XJNKYVMW,"68,78"
RFGTXVMP,40
CQKSNXYT,"99,102,116"
KVIMOSBA,"48,133,102,135"
LMDEDPLS,"2,68,40,133"
UUNUMFFP,133
CQMBQPKK,"38,104,102,90,84,67,68,133,46"
ITBIHTFT,38
ZDPUQWMK,68
RQZBLXYT,"104,48,116"
BDRYSDUC,78
YUIWRPTK,"2,68,102,15"
NFPHYMWW,15
HEBQQEQQ,133
OVNOJFFP,123
JEQJJJWU,"40,133"
ETVCSSUS,102
DAGCSFGA,123
NRURDBQT,104
EERHPVKA,103
URETGSPG,"102,15"
HDSTGNQN,15
YBELKMHZ,102
BEANZUPH,84
MNEUZLOI,"133,15"
TGVEOMRN,40
GPCXJLKI,102
ANQTDSDK,133
MTEGVYUQ,78
MCKEZFPE,68
VFCVGFNJ,52
KUBBVCJH,"68,78"
MAUCIMZL,43
BHVLKIQR,"1,26,51"
ZGQRDTFT,38
NYAPRSPG,128
YZFYRKOU,"102,40,15,105,133"
JRUUVWZS,123
JQKOYDSN,57
GGAHRCPZ,"68,133"
OKAVSMVW,"58,104,102,2,128,10,118,68,78"
BOUQASBA,"133,102"
YNIEQIQR,"102,1,39,8,120,97"
LAGKYXEV,68
PKFHFAYR,102
LHDLVXXP,"120,41,5,13"
BLSTYELW,78
JASUECND,"68,78"
LQLZXXGD,100
NFJNYUJL,123
UNVDQUPH,"40,123"
IKKLHEUL,"68,102,112"
RXLSHKRV,"49,15"
QREZVLHH,67
EPUCSVKA,"48,102,90,15"
OSHBEKOU,"105,40,133,102"
HHDFBPTK,15
IKHFZKEW,67
UBEDUTFT,"38,26,27,102"
PEABFHEB,40
MXAGJXFE,52
CHVNOVEI,"133,102"
COFRYBQT,2
RTIKMQTX,2
IRYPHPTK,15
GPAIGWMK,"68,102"
LRVKXPIF,"96,1,8,120,133"
UXUGILHH,58
ZUVNGKOU,"2,52,102,15"
PRBRQNQN,"2,15"
TBLWCIQR,"102,133,39,8,120,97"
KLCFKHXM,102
BTNSQACP,68
MIIMJDCD,"11,76"
UIJRNADX,"16,99,102"
YWMEZQTX,"40,7"
BIXGPIQR,"102,100"
EEBXHFUP,102
EAKNRPKT,123
VBVRDJBD,"103,102,15"
QBUMQPKK,"52,102,69,68,133,27"
DQKCMBQT,68
SJVZBZQU,"68,133"
DGQFYFJG,68
JRCBADUC,78
ZLKDFKDQ,"114,68,15"
DXEDHIQR,"102,39,8,120,97"
NBGWHXER,78
PLYJVTKX,102
SSJQDNPL,"1,67"
YAEBFACP,68
KVCNRXSF,"68,52,40"
DRYWEXYT,102
TGHRDFXO,"102,15"
BHOBWXGD,"40,102"
UEMZHQDT,78
RVXUOVTI,32
KSXFAKRF,"102,78"
QVJOLFUP,102
RQATGPKK,"38,104,68"
HDQWKYTZ,"104,133,15"
GCAXIXGD,100
NGHTBJVY,"40,69,102"
QAKDRVTI,"2,48,32"
UXYZAEWB,"83,133,69,102"
TEDJUSOM,57
NNLIFDAL,"104,123,5,128,67,32,13"
FMQJZBQT,"68,40"
HAVSAKEW,46
RPXNUPKK,"38,104,102,90,84,67,68,133,46"
JOYIKVYU,"38,2,133"
KEGNIBBY,"78,45,102"
UCPQBSBA,"2,48,52"
CJCKOLKY,68
XRLLDBBY,"58,52,45"
YXUPAFJG,"2,68"
DRCZQUDI,"2,68"
IBIRNXIF,"68,123"
HYPAIDAL,68
WPRLENQN,"2,15"
HQDARFGA,"133,90,47"
PJWDEVEI,"104,32,90"
YUFBGZQJ,52
JOOVCPKK,"52,102,69,68,133,27"
MSLJZIBW,"2,68,49,104"
KZLMYPKK,"38,133"
PVOMARLL,"58,104,128,100"
PHUTIUOY,"104,123,28"
TQOMOKOU,"52,102"
KZASSOIP,52
YMCTXZJZ,102
XGZMSGQD,123
EWLYEPLS,"104,102,90,2,69,68,133"
BUESWMYV,68
WQIPMTFT,"38,47"
ONVPLVKA,"40,103,80"
QJTZIBSK,"121,1"
HNHFXMLY,37
SQZNJHGA,2
IVUHQXHP,15
YPNUVIKV,"40,7,102"
RLCOXRFV,68
BOZZEXGD,"68,40"
WJPFLGCS,"104,108,102,2,133,68,97"
KQROWXRE,"68,52,102"
NSZIPPHK,"40,99,102"
JXHMYMRQ,123
YCNVATHG,"2,68"
SZJBMXGD,100
URJAFNPL,45
SOAWNVYU,133
BXJAVDEV,16
HTKHRFUP,"102,112"
CMPRXFAG,123
EEJZUIOQ,52
PKRJZIQR,102
TNTSTHFB,"133,102"
IXSEJXEC,47
DYEKGKBS,"96,1"
EJUXLPKK,"69,52,133,102"
XLMHVYUQ,78
ZWIXWDAL,"133,102"
TAEKHDAL,"2,68"
YFQALQCN,133
OMCAHADX,80
ZKPMVGIW,2
SIYAVMVW,"58,104,102,2,10,118,68,78"
AYCZOICC,68
XPMWJFXO,102
SWTAOEUL,102
EDRXJWBO,"40,102,67"
GWWDSUPH,1
QGCEFMVW,"132,102"
UGVTAMRN,"48,102,90,114,103,32,40"
XEDEPVTI,68
CITKIRAC,"133,45"
QFIIXRGE,68
LCIDUVKA,"103,80"
NKRHNVEI,"133,40,103,90"
IDPWNKGZ,123
UETNNLHH,68
RWRTISEB,"102,15"
DRSPZWUH,"118,69"
ZURDMKEW,67
WBXLUKEW,78
BTBPRUJL,123
SKBOCQRD,103
ORNPABQT,"78,12"
YPIMYMME,"2,40"
VFDWOXXP,1
FBQUGUDI,"68,15"
QZPYBEOD,"133,102,15"
FCHEHSOB,78
LAHVUXGD,47
HVWAAVIQ,"68,75"
AQFCONPL,"133,102"
GSNLFWBO,68
IQGHUBQT,104
TSLXHVEI,"133,102,90"
DHYTHKOU,"110,15"
WPOFIHGA,"97,78,102"
EYUFPPTK,"104,102,90,2,15,68"
ZPLKQIVA,78
EANPSZYO,"40,102,45"
RVJOGVKA,"133,102"
JDELVNPL,102
RNZUANPL,"128,68,102"
PCUWMVEI,"104,102,135,2,128,15,68,40,133"
OFMPMVOG,"68,94"
TUMNLSBA,"48,133,102,135"
WEDDFEUL,"68,112"
RWDPSUXS,68
YEZFXLHH,133
KDMEEGIW,2
IEYKNTUB,"16,68"
KACITBQT,"40,7"
PYYZNFFP,"40,123"
PCDMDXGD,"108,40"
OVKOBKGZ,123
ZBZECDAL,"104,52,123,102,69,67,32,68,40"
OOWOBJWU,"40,133"
WZNVOFFP,100
YDMHPUDX,68
MESJSHGA,"133,78,117"
RPTWVAMC,40
CZDZINXN,123
RRICGSVW,78
UXPWLDCD,8
QVXHNNQN,"2,68,15"
OUUYHPLS,"104,52,102,90,69,68,133"
QGFPSNQN,"102,15"
JKASCWPM,"27,26"
QCSAMPLS,68
TYKQZGIW,"40,133"
WFFYKUOO,"102,15"
GBMSNZQJ,16
NXGRRFFP,68
ADAMJVEI,"40,102"
BXZPQQDT,68
DUQKQVEI,"38,2,68"
WBCYPPKK,"38,104,102,90,68,133"
EOAXSLZD,40
VLNHCTKX,8
HHNTCBQT,"2,102"
OYOWAKGZ,68
QEMVVLKI,102
LVHKEGCS,"104,108,3,102,116,2,133,1,97,118,68,96"
FJIPQUJL,"10,68,102,78"
GTQSDGBP,40
RSXEKFFP,68
DOIUAPIF,"1,123,51"
ZPMCSEDF,68
OIWJRSVW,40
BOXKDSBA,"38,135,102,67"
MTBUHVEI,"40,133,102,45"
DCVPUVEI,"52,49,102,90,68,32,133,100"
XNPDBGHE,"68,102"
SNETRMRN,"48,102,90,2,40,133"
CQFRVGBP,78
RYNWQMHZ,68
YTDEHWBC,68
XMOZOXRE,"2,68"
YZFRMPIF,"40,7"
ESRBHXRE,"2,68,102"
NBEXDHDU,13
APVIYNPL,"68,102"
QPZVQWUH,"110,90"
GDPJSZJZ,15
NEYHSVEI,"68,40"
MTDBSPIF,"40,123,7"
LZDVDPTK,68
RWYWTFUP,"102,112"
NIWAPZQJ,78
EWYWNNPL,"2,13,117"
FQTVGNQN,"102,15"
GRNUHLWC,"68,133"
BJLFNSDT,102
ADAACXGD,100
HFERALSQ,"2,68,40,102"
UPTMTCIW,"8,102"
YOWLIJBD,"128,102"
BZKBSFJO,"68,123"
LVEWJZTV,68
CUFGUGCS,"3,102,1,118,68,100"
JVFFXMVW,"132,68,102"
QVDNBSDK,133
AQTSQMVW,"2,68,102,15"
EXGJFAMC,"58,102,87,2,8,74"
DNCBYXSF,"105,40"
DRXGDEDF,68
IHVJQTFT,"38,26,102,90,133,27"
GOYLJXGD,"68,40"
UHQBUFAU,66
XZPUKTFT,"38,102,26,90,47,133,27"
PDTZYXRE,"2,68"
JRTDZIYC,102
QPDSJVTI,"2,123,102"
SMDLGEOD,"102,15"
KBSBWPLS,"102,2,68,40,133,100"
GVUIYVDY,"52,102"
RNWVFGJU,"52,102"
EURHMNPO,"128,133"
SZHASEUL,"68,102"
JNLWFGHA,52
XUTJZOYV,"96,8"
AFVBQFXO,"102,15"
ZOXVNBQT,"58,102"
TEMGCQWI,49
YATMDEWB,"48,32,90,135"
WGEXQJYD,"68,78"
OYLDHPLS,"102,2,68,133,100"
TOWQUUDX,38
GFMNWMHZ,78
KSJRIHDU,"13,67"
MYPSUCEI,"78,102"
NTUTOQFB,68
SPZHZPKK,"38,104,68"
RXIILLHH,"68,92"
LYCNKXHP,"40,102"
YPWWOTUB,"68,102"
HKDTNEWB,90
XNDHABQT,"68,78"
BFGQFIBW,49
NFROUXYT,116
BWBOFOTL,"2,68,15"
ACSJZTFT,"38,26,102,90,133,27"
QFMKFJVY,"40,69"
JIUANEQQ,69
BMOONAEM,"68,102"
NHBSUPLS,"68,40"
AYWGUFUP,78
UWICVZJZ,"133,102"
ZYLYVPIF,"1,123,51"
TNGJVUJL,123
MKVIMPKK,"38,104,68,90"
SFCJNKEW,"13,67"
BDTRTUPH,"68,133"
MRVDQPKK,"38,104,90,68,133"
RPHSNUPH,"1,123"
CBBHKGQD,133
WCOKGVKA,"2,100"
PBHBEDGW,"40,133"
FRYPLADX,"52,69,102"
BSZRCPLS,"102,90,2,8,68,40,133"
BHZFXUJL,28
VKIQRXGD,133
DBIQGXXP,"1,78"
OXPKCVMP,15
SRVOBTFT,"38,26,102,47,27"
KJJOQAOX,123
CZUTKRME,97
PMSVBSBA,"40,49"
AUNSFMHZ,78
BNCDSEQQ,133
AYIRZONO,15
SSYXZLHH,"68,78,65"
MQCRYVKA,"133,102,15"
VCPGFDSN,67
UYIPYPLS,"68,40,133,102"
DAOVMNPL,25
FTDEFZIE,"40,78"
FLNZNJVY,"48,102"
IRTKOMVW,"58,104,102,2,128,10,118,132,68,78"
XLITEEUL,102
HSWRAUPH,"1,123"
PVWVLVYK,"120,137"
SBDPNPKK,"38,104,102,90,68,133"
TRULHBQT,78
DAGCMFXO,102
UZAUDBQT,40
KOFLCSBA,40
JCNNVAHK,40
LEHLQQTX,102
SRCOEXGD,29
BFTMRVMW,"68,78"
JBHTEDSN,133
BZYDKJBD,15
FELMENQN,102
KPSBXSDK,133
LYOHZLHH,"68,78,65"
TFJHQTFT,"38,26,102,47,27"
FHKNHVEI,"40,133,102,90"
FWPVPPKK,"38,104,90,68,133"
QFVIJPTD,2
VGALMFGA,100
XSKJLMVW,"58,104,78"
PRTPKEQQ,"40,52,68"
PQFZCXSF,"21,40"
ZTIUIPHK,"99,102"
SLAXTIFB,68
BBMBDJNO,68
ZJUAKJKU,"114,46"
QSSNENQN,"2,68,15"
WYBXJEWB,"114,133,102"
FGHIREBY,108
HCVJINPL,"15,67"
BQVSHDGW,102
LPLXQFXO,"102,135"
BLAMZUXS,"2,68,78,102"
FNPLQCNX,133
COMZSKZB,68
VGNOGIFB,"68,40,7"
FODOCSOB,68
DCXHQDSN,100
OYRGXFAU,"68,78"
ZMHUQUDI,"2,68,15"
IBQBXEOD,"68,102"
MIVPJZTV,"114,2,133"
OISRKNQN,15
UEENVVMP,"48,52,123,90,69,68"
KXGCGEDF,40
IKIVJVKA,90
ZFUTWVEI,"102,2,15,40,133"
JQASIREH,78
TDAHAVMP,40
BYFURADM,"27,78"
YCTNXUXS,"68,102"
HXTXZVEI,"48,49,90,2,103,40,133"
NVLULRJS,1
ZNYSYQRD,103
KCRFXPAF,2
CSRSIIQR,"26,102,1,51,78,100"
REJVPNPL,"64,15"
CFALEKOU,102
LDQEYTEK,"69,133"
HCKWOVTI,48
QDDHJVEI,"40,90"
DHEGAFXO,"2,102,15"
YHVDSKDQ,"48,52,102,68,133"
QGXXFEWB,"48,32,90,135"
DIGDSMRN,90
DGXUWBXG,"2,67"
QWEPHADX,"52,102,16,69,40"
MHRPFUDI,"2,68,15"
QBJTHNQN,"2,15"
VRXTWTHG,133
OGAUCVEI,"104,40,133,90"
FXIRVLHH,123
ONGUSTFT,"38,26,102,47,27"
VRCJFJVR,90
JUUSJUUK,90
SFHUHFPE,68
XUAHRPIK,52
AFVLAIWV,"133,102,15"
VVLPVPKK,"38,104,68"
HODGCOQU,102
ZTUXZNQN,"2,102,15"
VSMYFUDX,133
SGVQJNHV,"133,15"
EOHOGGJU,"1,88"
PHVOSBQT,57
QBESYPKK,"38,102,84,68,133,46"
PPAAQADX,"52,102,16,69,40"
LMRMFVKA,115
QJZOGXGD,102
QZOPUUDX,133
DCPTTVTI,"123,102"
JANCTKEW,102
UVRBHPKK,"84,68"
LQGXJWUH,"114,48"
FCVCORAC,"48,100"
YTQDVYMI,52
TGUUJUUK,2
DXNSYUHU,40
WSKWBSBA,133
IWQCKWBO,"40,133,13"
NEUUKFPE,68
FSZAKHVR,"7,8"
PFVCFXGD,102
RVHTPZON,133
MQKJSVMP,"52,69"
YXKFVFAU,"66,119"
IUETGVEI,"2,68"
CVGHHFYY,68
SEMWLJVY,"128,48,40,102"
NDSQJFFP,"68,133,26,47"
WOPVPKOU,"114,102"
IBPJGMVW,128
FJXOQXGD,40
HNOWRLHH,"78,65"
YNHEBEUL,78
RLXXAZQU,102
SSUZGBQT,103
CSBBAPLS,"68,90"
YUKRTHGA,"2,68"
NMBOAPKK,"38,102,90,84,67,68,133"
QTGLKMVW,"58,104,102,2,128,10,118,68,78"
KVYFVJBD,102
LEOMPPAB,78
QVFNHXGD,133
VBDBODKB,15
OQHUVKOU,15
XIROUFXO,"104,102,90,15"
PFEKJVMW,"68,78"
MKIAEXGD,"2,68,40"
MPEOMWMK,2
USGBHGQD,68
XWZEDVMW,"68,133"
DJTBJQJN,45
ZDPJGUPH,133
TSIANNMW,52
TFHXWNCR,"68,102,15"
KUAHMFJO,2
FUTDXPTK,"2,68,102,15"
LGGOVZJZ,102
JRNOEKOU,67
CUKQYVMW,133
GNRRJNPL,"123,5,13"
DTHOELLG,"80,90"
CPIWWVEI,"49,133,90"
NBAPHHGA,"48,133,102,90"
FGEPHPTK,"68,15"
ZGQWJRAC,133
ZQRBDFFP,28
PMBSYBSK,2
QYCSPPKK,"38,68,133,90"
PJQOQKOU,"114,15,67"
JBPKGVKA,"102,2,128,133,100"
MXNFYKOU,110
MNPKABXG,"2,40,133,67"
MWOIMXGD,"104,102,45,2,67"
SIXDJUJL,123
JANSXAMC,133
YPAKIKOU,"49,15"
RDQAQRAC,104
YBJDXBQT,78
OYLSGIQR,"102,97,39,8,133"
AMQHRVMP,2
DJDIWIWV,15
TNFIBFXO,"48,52,102,135"
KIYNNTCN,40
RPAFCFAG,"68,78"
CHVWGVEI,"40,133"
PFOIUVTI,28
IYWUIVMW,78
JZXRNPLS,"104,48,52,102,90,2,69,114,68,40,133,100"
SBOGGEDF,133
JLWZQXGD,"52,67"
SSVZATFT,"38,26,102,90,27"
EBVFBHGA,"97,102,78"
UHVJRVKA,"2,100"
JKSJDPHK,"102,90,2,128,133"
UDKBMZIE,"40,69,102,15"
EZJTKWUH,102
VLKGNIWV,"104,32,90"
NTYFXCPZ,2
ICEIKZYO,45
ZPBFFCGB,58
RGBWUTUB,78
PWNBOVEI,"104,32,90"
NWZGXPKK,"38,104,102,90,68,133"
LLVDSKTR,"94,78"
ZVHKQUPH,123
OPTNJSVW,78
FAVBEUNV,68
USKIUVKA,"2,100"
CHRNUAMC,102
YLTTWFUG,133
FWQMRLHH,68
FFZOTKOU,15
HNXJDLDC,78
QUBWAKGZ,2
CJIPSIJJ,"7,8"
IEQOJDHC,78
ASGWDEOD,45
FQHCDVEI,102
BTCFXPTK,"68,102,15"
VJYUQQTX,2
ZWDQBVEI,"104,48,49,90,2,103,40,133"
VHJPJRAC,"40,78"
MOPYCBQT,16
EZSPIZTV,"2,33"
KPYSAVEI,"104,48,49,90,2,103,40,133"
AIEXAFXO,"102,15"
IQSVOLHH,68
OMXJYNJC,59
BKIOSFGA,"81,48,102"
URNUWKBS,100
MQLMPJVY,"48,40"
NMSAZUIV,"102,31"
RVTBEKOU,"105,102,69,15,40,67"
IEDGKBQT,"68,102,45"
UBPADZQJ,68
NOXOXPKK,"38,104,102,90,84,67,68,133,46"
SPTBINQN,"2,49"
MFRUOOTL,100
PBZXUMVW,"128,68,102"
XJQPBHCQ,"68,78"
KGUXWBXG,133
AOQYWFYY,"2,40"
HXYRJBQT,"109,72"
VUJWEKOU,102
MMAVHTUB,68
SQTWKVEI,"68,133,102,90"
ETCJYVMW,78
VPRODVEI,102
NPHJTHDU,"69,13"
HCOWMEBY,102
PNPFLVYK,103
JWAKZXDO,100
OJSXYSEB,"102,15"
DYRTHNXN,123
RWRYSGIW,2
SGQHBKOU,"48,133,102,67"
FTZHEXYT,"104,99,116"
RGWCFGCS,"3,68,1,97"
CJUMZFAU,78
VSYQIJVY,"128,40,69,102"
MMIQTGHA,15
VWKBQEWB,"48,32,90,135"
PLXZUPTD,133
KBMQSHEB,78
VTFYNVMP,"52,102,69,15,133"
URMICMHZ,68
KTAEVFGA,46
LUZRYIQR,"102,39"
OFGTCFXO,"102,15"
ZZJIJKGZ,123
DREFFUXS,62
VVYUIRLL,"58,133,128,100"
IFVNGMVW,"58,104,102,2,128,10,118,68,78"
FMYGCNPL,"49,15"
GJJMHFUP,"68,112"
IZWRGPTK,"68,15"
ZHXSIKTR,68
TLVBSPKK,"69,52,133,102"
QQUUTRAH,"68,15"
GHFHGXSF,69
DJIPFMVW,2
QVVLQVKA,100
LVTGVPHK,"128,40"
QBJRAUBE,47
YJZGMFXO,"104,48,52,102,135"
RDQTCFXO,135
GWEJQBBY,"46,47"
PDVTHHGA,"97,102,78"
WLYGAFGA,"96,27"
ESQRRGQD,68
TVOBIFUP,2
YYMLRUJL,123
MBRZNFXO,"104,48,52,102,135"
XQFSOMVW,68
FLWOSHGA,"133,102,97,78"
LIDDSMVW,"58,104,102,2,128,10,118,68,78"
TWLBLCNX,133
CXYFZXMC,"80,102,78"
MEBHKIQR,"102,97,39,8,133"
PNRUTIQR,"102,39,8,120,97"
VNPRJUPH,52
KEGPJPDU,40
LZRWWYSZ,47
MHFMVDCC,"133,102"
BOOPCACP,68
YUMZCSBA,102
QLQZDQTX,"2,48"
QETYTPTK,"102,90,2,15,68"
TWVIPVTI,"2,123"
KYTBXEBY,68
YNOZOQCN,102
OGEPBYMI,48
GIHFINQN,"102,15"
QHOUVPIF,123
CXEVMBQT,"58,59"
VPRYJQRD,"103,78"
YLBBKPLS,"2,68,133"
MXCELUXR,44
MCLMNTUB,"2,68"
ESUDCMHZ,"68,102"
COIBTFUP,"102,112"
QEIJOAMC,"46,116"
BRCHVHVR,68
RMFKFEUL,"68,112"
VMCIOOIM,"94,78"
VVEHIYSZ,"58,78"
QAMBAUDI,103
BWZIENJC,"68,15"
NDHCTPKK,"38,104,102,90,84,67,68,133,46"
LJPFNBRS,"40,52"
VHGEAVEI,"104,49,102,2,103,133"
NHSIMRAH,"102,15"
EUKRNXGD,133
MHGYYUPH,68
ZVFQGVTT,"40,8"
UHTIMDAL,"104,52,123,102,2,5,32,68,40,13"
VUMQPJBD,"102,67"
GXEJBNQN,15
GAGRUAMC,"106,99,68,133,100"
HTVGCIQR,"68,102"
JLJGAIWV,90
AQCYDXGD,"68,133,102,45"
QSRPMRYK,90
JVUCGSOB,68
VLKOMDFS,68
FEOYZDAL,"40,1"
HSDGSLDC,"2,68"
ANXUOFGA,123
STEXTXMC,102
FLTKAEDF,40
MWXSTONO,"102,15"
APQXFHGA,"97,102,78"
PQETSZIE,102
RGDGODUC,"13,78"
BQNUNNCR,"102,15"
HAPPBLQI,"16,133"
IKILPVMW,68
SGWDPVKA,"40,103,80"
RQMUDXGD,"29,133"
JYOZUDAL,104
PXMMUEBY,133
CYUWDPKK,"38,68,133"
GBUDVMRN,"52,102"
BXDXUHSA,"2,68"
DKBYXVMP,52
OJSFOIQR,"39,97,8,102"
PNPMLFFP,68
YXIPYHVR,"21,68"
OLQOIHAQ,"102,90,15"
LCSOKVKA,"2,115,102,15"
XLBHKKTR,"68,94"
CKMJDVEI,"2,68,133,102"
LSFFJVOG,78
SRGZIXEV,123
RXLYLVMP,"40,133,52"
DNAOTDAL,"104,1,8"
EXQRIXSF,"21,52"
ERAYCHGA,"45,68,117,87"
CUUNYHFB,"102,15"
VRUTVXMC,102
FQNSRIBW,"2,68,49,104"
ODQALGCS,"104,108,3,102,116,2,133,1,97,118,68,96"
ONGMGXGD,40
SLYAWUXS,"2,78"
CSVSYCIN,102
ZLEAPUXS,78
IXISILHH,68
GJGRKQDT,102
VINJRFGA,133
LRCHVLHH,"68,7"
PTDTJAMC,"139,133,102"
YGLLVDAL,"104,52,123,102,2,5,68,40,13"
MAVQGVCV,68
ALFNANPL,"102,15"
GYGNRKEW,78
TQOOKFUG,15
KNXCBXMC,"40,80,102"
YVWOZFXO,"104,48,102,135"
VZFFOZJZ,"2,52"
GYRFOMCW,"102,45"
EBQZUJVY,40
LNQLGWMK,68
FKZLZZAA,25
YLITPBQT,40
ICYIQEOD,"52,69"
HRJQVUDX,133
LOELZXYT,"74,48,99,104"
OZUVUXDO,"3,133"
MWKHNBME,61
XOJQYUDX,100
BFCJVMVW,"52,102,2,15,132,68"
CROLGMRN,"104,48,102,90,2,32,40,133"
YVPUTPDU,102
JHSKDGIW,68
HINVVPDI,123
DRIEDCIW,"68,78"
ZFWBNSVW,"78,45"
VLZJXLHH,"68,78,65"
DAIHQZAA,123
YYDIBFNJ,102
NLUIMKOU,102
EHKXWNPL,8
SZJQHMWW,15
YHRKYMHZ,78
NKHRBDSN,67
KHHAAIFB,68
OAKHWJBD,"128,48,102"
PGHBLWZS,"104,123"
VJEFSAMC,"133,102"
CMTNQTEK,"10,40,2"
PCPOOLVZ,"2,68"
UDYESFFP,123
RITTJEQQ,16
GLSQXIFB,58
FVDPKXEC,102
UCRBKUXV,15
QOKGMBSK,123
AURUBCIW,"1,7"
WPPFJLBD,"2,68"
KRBKOUHU,90
BPRBFJVY,"48,40,69"
RFWNGUDI,"104,68,15"
GMFFKGBP,"68,78"
HTNRCHVR,"7,8"
WCYBHREH,102
IRWPNLHH,"68,65"
QDYQAVEI,"123,102"
AVHATGDO,22
VCYLHXGD,"133,67"
NLEOILBD,2
LNYOTPTK,"2,15"
SJQXTOIM,78
NWOJLHGA,"48,133,102,90"
OLFCXTFT,"38,26,102,47,27"
TUFEXAEM,68
TLQUQJTR,15
DLMZNUJL,123
GSABQMME,40
XQWTAVCR,133
PSZFJEDF,"123,65"
BTHVPVTI,"2,48"
PFYICHGA,"133,78,102"
KRUPXLDC,68
KMYVYGDO,78
NZZLYXGD,102
XQATNDKB,"133,102,15"
FMKWLVEI,"48,2,69,32,133"
ROUPCDGW,"102,69,114,40,133"
NHNRKYSZ,"84,78"
ZYWUWPAB,"21,45"
QAXWTUDX,133
IUFMBXGD,133
DDPBYHAQ,"102,15"
WDFQPXSF,"48,10,21,67,40"
SLKYJMRN,"32,40,102,90"
WADFALKY,68
YCGCZFUP,68
FFMRESOB,68
JUYUYPKK,"38,102,90,84,67,68,133"
DJAPWLSQ,40
TGEULVEI,"128,102"
AYAVUVEI,"48,133"
JZORSLBD,"102,15"
GGIZLKOU,"102,15"
TVHKOMME,"2,40"
QJXQZFYS,"40,52,68,8"
GHWFMATH,78
BCRKIPTK,"102,2,15,68,22"
GFJZOLHH,123
ANAEFVEI,"2,48,104,90"
AWEHVLKY,"128,16,133,35"
GSMKGBGU,78
YONFRSOM,69
DUXWRVMP,"69,40,133,52"
OLTXPXGD,"68,47"
ARELNVYU,133
KVZTHPTK,"68,102,15"
KNRACLKI,69
WQCMJNCR,102
VGUYEMME,2
VRDSIMHZ,"120,102"
INWIWBXG,"104,32"
QRQSZJII,133
CLMXOANS,"66,68"
TQNFTAMC,"139,133,102"
HREKLVMW,68
ATCCEMGJ,44
UWFAGVEI,"104,32,90"
ATHWRTFT,"38,102,26,90,47,133,27"
MWZHQPTK,"2,68,15,22"
IKJCSPLS,"68,133,102,90"
JUXHTFUP,"102,112"
OVJGUPKK,"38,104,90,68,133"
HVEIURTZ,68
FGCSGMVW,"2,15"
ASFNFSDT,102
LXMGYVMP,"40,52"
TZITZPKT,"123,102"
LNGTODFS,78
JUWNRBGG,15
YJOJAHFB,"133,102"
NZXOLQWI,102
CKTIDWMK,78
UOINHFJO,40
JSKBJEWB,90
SSDRFEZZ,133
GNKSSUOY,102
LHIJUPLS,"40,133,102"
KSERGVMW,68
AEZMTDKB,40
JWKXCIMN,"2,133,45"
AWPJUDUC,"68,40"
OFXNAWSW,102
FLDNNSBA,102
RZGLKQFB,133
QSNPPPKK,"52,102,69,114,68,133,27"
WFHAHVEI,"104,102,135,90,2,128,15,68,40,133"
SARZQPKK,"38,104,90,67,68,133"
VCSZMNQN,15
ZQGBIPLS,"68,133,102"
NVDXYVJP,78
KGWDJVTI,"2,68"
GBXWUJVY,"102,15"
HOXJRNPL,"133,102"
CVOPLSBA,38
KHGLFKEW,"136,76"
AFXPVMHZ,18
BGWLXICI,133
BPRNTBGU,40
YAQHFOYV,"13,78"
SJFYRUUK,8
EJKXQJVY,"40,69,102"
IOCAQPTK,"102,2,15,68,22"
SZWHRQXC,"40,133"
DVNMYKEW,40
DQQIMRDX,38
EYQXWSUS,102
OSUPKATH,78
OJDESTKX,"48,40,102"
AYIUBRDX,38
VHFHZRAC,"2,68,133,78"
PTRHQQTX,"2,68"
BUSFKSEK,38
BTZOSPIF,"2,102,67"
AYTGUPIF,8
KPXKCPJK,123
RROSXSEB,"102,15"
UMWMGIQR,"78,102"
DYVYCKOU,"69,133,102,15"
XANDGHGA,"2,68,133"
WIGFMXGD,61
NOJDXXDO,"14,133,51"
PECVNPDI,123
ZNTJLPTK,"102,2,15,68,22"
MVDTKUNV,78
TLBDLZAA,123
LCBJALSQ,"68,52,102"
GCZNAPIF,"14,51,102"
KKIFCMVW,"68,15"
XCROJGHE,25
OEQSSGQD,67
AMBEXIQR,"97,133,102,39"
EKUVYWMK,"68,78"
JCJTEFFP,78
DWOBFVKA,"128,2,133,102"
HIACQFYS,"68,40,52"
UUCPMEWB,90
NPWYNWUH,"2,40,102"
QEYWULHH,"40,7"
BFJVWLSQ,"68,52"
MLNSOPKK,"52,102,114,40,133,27"
IVCOIJVY,"48,40,69,102"
QKRXHRGE,123
AYAJIKDQ,"48,52,102,68,133"
GXWCULWC,"68,40,7,102"
OWHYRYMI,"2,103,104,135"
ERLIEXDO,133
AGDEGXMC,52
KFGJJCEI,47
KNGTKJVY,"48,102,128,67,40"
NTLOYPKK,"133,102"
PEKDFYUQ,"78,102"
KGKUPBQT,78
GEISNVTI,28
SBVGTIQR,"97,102,39"
GHXZSUXS,"2,68,102"
DBOTGFFP,68
QMYPOSBA,"48,133,102,135"
OQYYTFFP,102
ISPFQXRE,"2,68,52,102"
OJVRKBOE,"102,15"
KBSVTKOU,15
BUKSUFGA,100
QGPJHDAL,"2,68,69,102"
KWYMFJIR,"52,13"
IVVIFNMW,"40,102"
TGCWAGCS,"1,102"
ESRJLVEI,"104,40,123"
EZWGCNQN,"2,68,15"
OXMXGUBE,47
CILGMSEK,38
JRMXSVEI,"49,48,133"
BACSTXEC,"81,68,19"
RYWKYBQT,"40,13,100"
VRDNLYMI,"48,67"
CECHUUOY,"69,13"
GTCZZFXO,102
YBSWUGCS,100
XYALEBXG,"48,102,67"
WQRLSAFG,122
QKRMKCGB,133
KWPHFPKT,123
PEMLCLSQ,"48,40,102,78"
DBWGBUPH,102
PBQNNPJK,123
JFXKORAC,"48,133,100,67"
CEKBZTLI,"78,37"
TDKVAKOU,"133,15"
UMINXHGA,"133,90"
NSZUIIFB,68
NUTCOEOD,"2,115"
WCJBTXGD,"68,133"
CIXWKQWI,2
OAPBTVKA,"2,133,102,15"
ETPROVTI,48
VFDLWZLK,"104,15"
TKZFGEWB,"133,51,27,102"
SMXLGRLL,40
BUSKZRGE,123
HHYKHVEI,"40,133"
TXCSGFXO,"102,15"
LUMYHPLS,"40,7"
GVQEUGIW,"2,68"
IUHEPNPL,"25,14,51"
ESXVCNPO,"128,133,102"
IPFWSUDI,"68,15"
OBKNYEDF,123
EFUZBFXO,"102,15"
KIYTKFAU,"1,78"
NIRXFUDI,"2,68,15"
AWFPRFIO,"102,15"
LPCDCVEI,"104,102,2,128,15,68,40,133"
PXCIDKRV,"49,15"
HAUODXDO,"2,14,51"
OCIHNKGZ,68
UXYVBUXR,"40,47,67"
ZYWJILVZ,78
XLCQRXHP,"105,40,69"
GPIQZGHA,128
TWXLDHGA,"133,102,97,78"
GIMIHNPL,"76,45"
NWTORVKA,"102,15"
FUDLVKRF,68
OELEFDUC,78
MANOLWMK,78
ULELFMVW,"2,68,102"
VOYNMNBD,139
PVSDELSQ,"48,102,2,68,40"
UDQOCMVW,"58,104,102,2,128,10,118,68,78"
HLTECKOU,15
MWSXPEOD,"68,52,69,102"
FPCIZRAC,"133,102,67"
BVHPOVDY,"104,102,15"
ATKPNKEW,"69,123"
UFHOEKGZ,123
XECJDVEI,"52,49,123,90,103,68"
SEVEJFGA,133
WPRYQPKK,"104,68,90"
XCMHZVKA,40
CBHGBMME,"69,48,40,133"
UTYWXPKK,38
BMMNHVEI,102
NQVKKXGD,100
EURHILHH,"29,78"
FHHJXBGU,"78,43"
BKPJUDAL,"48,68,123"
CVGJHVEI,133
TEFPSAEY,"10,68,78"
BSWMNIJJ,40
XKQVOATH,78
WMOWWYES,78
ORKDTHDU,52
KNGJCPDI,"123,102"
SVRKVQTX,48
OTSYCUPH,78
KODFLRFO,37
IATBLKDQ,"48,40,1"
GRSRSWBC,"14,78"
YXXAAKOU,"102,110,40,15,105"
EUEAPPTK,"102,15"
ZTVETXGD,"42,8"
WLVSKVYU,38
RNDTTFGA,133
NVIRAIQR,39
BJLKGPKL,78
NYNKKWBC,"26,133,102"
SGQFIFUP,"2,68,78"
CELNFWBO,"52,102,67,40,27"
ACQFUVKA,"2,133,100"
WGCTBSOM,52
WTWHQLSQ,"40,102,52"
JGFEWIBW,"2,68,104"
NQQFOXEV,68
MHJAFRAC,"133,102,45"
CZMRAJVY,"48,102,69,128,40"
FXEHDUIV,48
UZBYGBGU,78
IZVGXGQD,133
XSWSBOOZ,127
IFFKPOIM,78
LDXNJBQT,"16,68"
DJXQRUDX,133
UGQVFSBA,"48,102,135"
LVEIIUDI,"2,68,103,104"
KVIRXFUP,"102,112"
DXVNXSQK,"40,7"
MDQQKFXO,"52,102,135"
REMELNPL,"76,133,102,45"
WSEHFLBD,"2,68"
EHMCXVEI,"40,133"
WSGMTCEI,78
UEEANRHW,48
AXEDIXYT,"104,102,74"
HVZRLKGZ,"123,37"
KWJNJPHK,40
ZXCMUMHZ,84
FTDSGJKU,102
RSPYTFFP,"25,68"
CGLCABSK,"40,121,123"
WNLEOLDC,2
PWSSHSEB,15
BDOOTKGZ,123
XDYTBTUB,"68,102"
DGDEWEUL,"68,102,112"
BZBNDPKT,"123,102"
AMOPSPKK,"38,104,102,90,84,67,68,133,46"
IQYSFSOB,78
FTNCIDGW,"40,69,102"
AQJQVUJL,68
PMYDBAHK,40
PSEZVMVW,"58,104,102,2,10,118,68,78"
SZUYFUQK,"68,133,102"
EBTRXHAQ,102
YWJVWLHH,"48,78,65"
WRABFNQN,"2,49"
XABOFJWU,78
PRQAOADX,"133,102"
JMLXBVCV,"68,67"
KJJNJGQD,68
ABNEANQN,"68,15"
KZNVNRAC,"133,13"
KFMKKVKA,"128,2,100"
ZMCHKSDT,"133,102"
DJJXVKOU,102
GUINTTCN,133
HCKZUPDI,78
BBOVQMME,"123,31"
MNNNIVTI,"2,48"
PGOMJPKK,"38,104,102,90,84,67,68,133,46"
FIYTSGHA,"128,15,67"
FHCUFPTK,15
OQVDIEOD,"52,102,15"
JMYYOBSK,123
MDWYRFUP,68
SIDSEZIE,"2,40"
HGFEZRAC,133
IOVLMUUK,90
IHDLOWWK,123
IEOURNPL,"58,45,76,68,133"
UPKLKVEI,"102,135,2,15,68,40,133"
EIANDCIN,"48,8"
SVNPCCNX,45
QUMQKEWB,"83,133,69,102"
CVWMIYUQ,"68,102"
MTZPCFIO,52
TBBRJHAQ,"110,102,116,15"
FITPRRGE,40
SNDOVXRE,"2,68"
IVNZBQCJ,44
YHQCLWUH,"105,40"
HCBOUPKK,"102,84,68,133,46"
NRMFVLHH,102
TTKBSDGW,102
SVUQHRAC,"68,40,78"
IVZTUNJC,123
FDZEJVYU,"2,45,116"
APELAEUL,133
MTTUSKOU,"102,15"
JNNJFPTK,"2,68,15"
QWSLNHVR,"68,8"
GPMGBPTK,"68,102,15"
QOGPGNJC,"78,12"
LDDGKGIW,"2,68,40,90"
QJVVAHFB,"68,102,15"
KSLEUMVW,"58,104,102,2,128,10,118,132,68,78"
PDELAPKL,"1,78"
WGNIZTEK,2
CFFPXPHK,102
WOVWTEWB,"83,102"
ABHPPSOB,68
ONQCHVRM,68
FUDXIVKA,100
ENRNHREH,"48,133,102"
QPOGDGIW,"2,40,90"
URONFNPL,"48,68,102"
IMMFFHDU,"102,67"
LQDGXDMX,"102,15"
BYWMMEUL,68
DRWPCIFB,68
JIKMGEUL,"68,112"
WTUEGVEI,"40,133,45,90"
WLPQARAC,"68,78"
WCSBZLQI,58
JSIGUEUL,102
YIQKHLDC,78
ZYVGTPTK,15
EPOBGCPZ,"68,133"
ONZOGLKY,35
RUQOWVEI,"49,90,2,103,40,133"
WVQODJVY,40
VFNCYHGA,"102,116,2,133,97,78"
CJOQJHSA,"128,52,69,102"
GDHRASBA,102
QUOJNVTI,"48,32"
ULTOMFJY,2
EYGVLTFT,"38,26,27,47"
IZBCZXYT,67
IGYLAIFB,68
ERACBKWA,78
RLFWOHPH,52
LSMKJIJJ,"98,120,7,8"
IJVABTFT,"38,26,102,47,27"
HSTFWMYV,62
KEKAURHB,"128,15"
DZLFXTHG,"100,133,45"
LLSFKXEC,"81,68,19"
ONFQYFGA,"104,68,103,102"
ZTURTUFF,"114,40,27"
TQZLNKEW,40
BEGPYIQR,"102,1,39,8,120,97"
OQUWPUDI,68
PPDOPXGD,100
VHJOBYUQ,"78,102"
AVQKOLSQ,"68,40"
WWAQNGQD,68
DLCBPBBY,47
ALFSEKOU,"40,15,105,133,13"
AXHWQNMW,"71,102"
RJNQAGIW,68
TQZMBPTK,"2,68,15"
LLOOWYMI,52
EWGHENQN,"102,15"
FLFUNHDU,"13,102"
JMUREFPE,68
OKGDODXI,76
TMLYPEBY,102
CGLECSOB,78
AHLKKFFP,123
OHYWTIFB,67
LUVQKXDB,40
WAVYHFUP,"102,112"
WRUPLJIR,"52,13"
NJSHCEWB,"100,90"
QWBONDAL,"104,123,5,40,13"
IKGBOUPH,68
RQSBUUPH,123
QPKOPFXO,"104,102,135"
NSKHNZLK,"128,40,102"
SFRJVLHH,"58,68"
SVRUIUDI,"104,2,103,15,68"
MUEKQQTX,102
WFRIVZON,68
HIJRZHGA,"102,116,2,133,118,51,68,97,78"
NEPCDRLL,78
KCGBXSBA,"48,133,102,135"
OHYELACP,"68,52,1,127"
UTEKGWUH,"67,90"
PZOHLNQN,102
PSDDIVOG,"94,102"
MYRLGBXG,"104,32"
VHTKQZTV,15
JOMISPTK,"2,15"
NLPJHBQT,59
IXWUXGHA,"2,15"
EQJFZZLK,"40,69,102,52"
GMGFELKI,102
RDPCNONO,"128,102,15"
LUONYEWB,"48,135"
CTCILZYO,"68,45"
DDXLIFGA,134
DAGWCIWV,"48,133,102,116"
CWYVUJWU,"2,133"
KFSHUXYT,90
MGLSPPTK,"102,90,2,15,68"
DIWODVEI,"40,133"
BDLPQVTI,"104,48,2,68,32"
ODZESHFB,"68,15"
VFORVHAQ,"102,90"
DDKOKTUB,68
FTKIESVW,45
HNAMTRAM,78
MDHEOVEI,"2,40,103"
HTZXBVMW,2
TXSCNWMK,"78,102"
DJYQQUPH,"52,80,102"
DICXKIQR,"62,102,133,1,39,8,120,97"
YCKKRUPH,"1,123"
NLVSRKGZ,68
ELQLCXGD,"128,133"
ISSZSYTZ,"104,68,90"
CDKNAFNJ,133
VJRXTZTV,52
ZWFYQVTI,"48,32"
JLVCYEUL,112
NSHAIPIF,38
FUMFEKGZ,37
ORCUDBRS,"52,41,78,44"
HIPLNUXS,102
MVPXTPAB,"8,5,78"
LOSICTLI,78
MGBXQJHH,102
KKMKXFYY,"40,102"
DZHLHVEI,33
XJLETVMW,68
KKBHSSPG,102
BYKFVFXO,"104,48,52,102,135"
YZJUZJVY,"48,102"
CRWXKMZL,40
HXLTCFGA,"96,27"
FKGKCLBD,68
OLQJHVTI,"40,7"
IYXWUBQT,16
GDYCXLHH,"68,92"
OXBWHDAL,133
IGNTPCJH,78
HFEKNBQT,67
TAXVKVKA,102
WYCRXVTI,"104,48,68"
QOUIGVEI,"133,102"
GNPCOFXO,"102,15"
QWZCGUOY,40
SFPBBJVY,"48,40,69,102"
OBYXDTEK,139
BCFRZDAL,"104,7,13"
FSGILLDC,68
LXXUQPKK,"68,52,133,102"
CNGLDBGU,"40,52"
FWCJKVMS,"104,40"
GUKERLSQ,"68,40,102"
EFIIEPTK,"104,68,102,15"
EOBTVLHH,"68,65"
ISFQKGQD,123
PVAVHSOB,78
KKGBABBY,"52,1"
YTVXLFXO,"104,48,52,102,135"
LKDHLMYV,68
KSKOJHGA,"133,102,116,78"
NOOYVWMK,"68,78,102"
JPQLAPKK,"38,102,90"
IKDYCUOY,"104,133"
PLRGLDGW,52
AGUBBQTX,68
ZBLBLADX,102
FNASJMVW,"2,68,15"
PAOHHBQT,68
HWSWPEUL,"68,78"
HHBJMZQJ,"97,27"
APIZCLDC,"68,102"
FPIDUGQD,68
OAGCGLHH,68
CYIALLHH,16
WFRERLHH,"68,92"
FMTZTPTK,"104,68,102,15"
STZJYQCN,"104,133"
RCIARPTK,"2,68,15"
CLKGMXGD,68
DREODIFB,68
SCNHTPAB,"58,52,102,68,78"
YODYPVKA,"128,2,133,100"
EFSFTEUL,102
BTFRRFGA,2
IAEQSSDK,"68,133"
HRJVNDMX,102
HXKKCIWV,90
FQOGGRGE,68
OULPCVEI,"32,133,102"
POEQPPKK,"38,104,102,90,84,67,68,133,46"
NFVEUNJC,"2,68"
GTURWVCV,123
VEIEXXEV,"68,78"
MALYOPZC,2
QIPCDSOB,68
FPGXNACP,"120,78"
QMEFWPTK,"104,102,90,2,15,68"
PUWNLBQT,8
IAVUSEOD,52
XKXIJPLS,"104,68,133,102"
WCSCDZAA,123
HYJSYLSQ,"48,15"
VLJOTPTK,"104,68,102,15"
UCFHHNPL,"76,133"
VAIWQVEI,"40,49,102,15"
RTNRSEDF,123
LKTAIMRN,"48,102,90,40,133"
QCTNOJWU,"2,133"
TMCOGVMP,133
ZVLUVNQN,"102,15"
EVBMPVYK,25
VFYLFIMN,133
LECATMVW,"102,128,10,118,68,78"
WZUWGKOU,"133,102,15"
PALGHKEW,78
JPILMBME,"40,102"
DDSHFVYU,133
SXMYIAHW,"68,69"
WZPJUBXG,"48,102,67,68,133"
KMBFAXGD,47
MGXNAMRN,"40,103,102,90"
IMXOLXGD,55
DMBYDUDI,"2,68,15"
SNIKZFXO,"104,48,52,102,135"
KCWKYMRN,40
CHONSPTK,"102,15"
DQTTSPTK,15
NBKOETKX,"104,102"
VCZSQUUK,102
BROWDNQN,15
DEQRVEOD,2
SIFDKWUH,"13,105,102"
EKFCYKOU,"105,102,110,133,69,15,40,67"
LOFTCVEI,68
ZVWJXHGA,"2,68,102"
ZHWIMDKB,"133,102,15"
CRXZTCKR,"40,15"
GUEPTWMK,78
MJCQJFFP,11
MBLRDUPH,"133,15"
YSDESVDY,"102,15"
CONNYFGA,100
ARKXVBQT,40
XACHVPTK,"2,15"
PAYVKNQN,102
SYRDNHGA,78
KWXJQFUP,68
FATDJBQT,"16,76,13,67"
CCMCJDUC,78
IMYWXMRN,"68,40,133"
AUUCKNQN,102
NVZRGKWA,67
NDWMHNQN,15
LGACWCEI,"40,7,78"
KGOPTEWB,"2,68,133"
CHBYKRAH,"102,15"
GIRUKUJL,"68,100"
QMLRWRJS,"40,7"
ZXOOKIFB,"68,97"
FQGLAHGA,"102,116,2,68,133,78"
LLBKGVKA,102
RYPCXTFT,"38,26,102,90,47,27"
MYYOCVMW,78
BRPGPVTI,"2,48"
EPRIHVEI,"49,102"
LVXOHBME,"40,118"
HSVNNSQK,78
ECNTDVDY,102
YACAXTFT,"38,26,102,47,27"
VPASIRAC,"2,133,78"
BXFHQQCN,16
FKXHRADX,"16,102"
YTBLXHGA,133
HXDRGKRV,"48,49,102"
HNLIQUIV,52
CCWVVPKK,"38,102,90,84,67,68,133,46"
QMXQPADX,"40,102"
RXSMYXYT,"2,48,99,104"
CLICKMVW,"2,15"
GBUJLGQD,16
JUDQMMVW,118
LHJIMGQD,"128,123"
BISAKFGA,"128,52,133"
ZMNPIFKM,"14,100"
VBWQQIWV,90
CWCTVKTR,102
UJVEENJC,40
SNGQGTFT,"38,26,102,47,27"
FYVUCVYU,133
SCEEQTFT,"38,102"
EBHWMJKU,"48,67"
ZORHUDSN,"100,67"
LPVMSNQN,"2,68,15"
KOKHBPTK,"2,68,15"
ZKTQTSOB,68
QNPXJEUL,102
PHCETWUH,"52,90"
EBHIHVKA,"128,2,133,102"
TGAVNVYU,"68,133"
KNBIOHAQ,"69,78,110,102"
JMCOQUPH,133
MKFJFNJC,67
DLDJRUBE,45
OJOHWKOU,15
HRBOUFPE,78
LOORYSBA,"68,133"
SZEOFQTX,"2,68"
MKRCVSDK,68
IOAOWYSZ,78
UNIEAWMK,68
QSDYBATH,68
CIPDRNJC,68
UCMOGRAC,"40,102"
FGLVLUDI,15
SOZOMSEB,"2,102,15"
HGBWBHGA,"68,102"
QCITBPKK,"68,133,90"
UGKSDHFB,"133,102,67"
BBQUWFUP,45
MOONATEK,102
QDTUBFUP,78
ENXSNFAU,"8,78,47"
YHZQJFXO,15
LNAJDDEV,"40,78"
MUPXMWZS,"38,123"
XGBUYDXI,78
GQNIKCEI,"8,78"
YVSDSUOY,"104,123"
EEFELUJL,"104,68"
MBSCQPTK,"68,102,15,90"
CLVFXBQT,40
UIOACMRN,40
FLBGMVYU,133
ULOINXEC,"81,19,102"
EZBTIMVW,"104,102,128,10,118,68,78"
ISJNCJBD,102
UHIJHHGA,"102,116,2,133,68,97,78"
XMMRKDSN,100
ILWLPDFC,58
SUWXTEUL,"68,112"
TZZHGJIR,102
PPDBOFPE,122
EKEHXXGD,40
OQQRVXGD,40
MFZJKSEB,102
GDCQUEDF,68
CSFSOGHA,2
HXARMHIS,40
VEHJCQTX,2
TALNMKOU,"69,102,15"
KNVBULHH,"81,68"
ABAVGVTI,"2,48,104"
DAJJGTEK,"2,40"
JVMKYZAA,"40,123"
QZQAZZQJ,52
UZDFUQFB,133
UHIWJIQR,"1,26,97"
TXJPPGHE,68
EFTITUDX,133
AHWKCHDU,67
NZKQWYSZ,"58,78"
JRYOHNQN,"52,102"
JREXHHGA,"102,116,2,133,68,97,78"
ZFFZDXDO,"26,91,14,102"
UQKZOJYD,"68,78"
EJSHGREH,"118,1"
OGKEOVKA,2
ZYXQEPIF,123
MFIPKDXI,78
UQGGMXSF,"21,69"
MFZQOBME,133
JKSHYIFB,"68,40"
UUEOQFUG,"104,90"
VKHSRHGA,"40,116"
WEKCMHPH,"40,52"
WFONNIBW,49
YNYUZCIW,2
ICBEGRAM,47
TFMKCNSU,48
ERBUNGIW,"2,68"
TDZXWXGD,"68,67"
GNRNBEUL,"102,112"
MZRPNSUS,102
EEMOESOB,78
GDABUPDI,123
ETLUGBQT,"68,78"
GQDIJUHU,2
LAJYJPLS,68
GNPJIPTK,"2,68,15"
GBEKXFFP,"68,82"
VRTGDLDC,"68,78"
WCJPNNXN,102
NJGKLVMP,"40,102"
YRDLXCPZ,109
PCBYXIFB,68
RPKGVKOU,15
LOJOZYMI,"104,103,135"
XBCSIPKK,"52,102,69,114,40,133,27"
NNOGXHGA,"133,102,117,78"
VLTEMKEW,"40,67"
IMFOZKOU,"68,102,15"
ZWWSSFXO,"52,102,135"
SIDIJVEI,"2,90"
SZSLTBXG,"104,32"
IIQDFHGW,"105,40,102"
TKDHFFXO,"48,102,135"
SBKKKUHU,90
FMOXGTHG,"65,133,12,67"
SQHRWKEW,136
RQPUSEOD,"102,2,15,68,133"
RBEAQVEI,40
MEYPEVMW,68
IPUPXXDO,40
FRGNGLKY,"16,35"
HEVMETFT,"38,26,102,47,27"
RHTIGVEI,"40,133,90"
ZIGBZNQN,"2,49"
HDEOCXGD,40
SPCYFVMW,68
XFSRRSOB,68
NLBTGACP,"68,52"
ZBBVQHFB,"68,15"
SQAEEFXO,"48,52,102,135"
THBJTXGD,"68,133,102"
BDZOOUDX,100
LVQSDUPH,68
OBFFNBXG,"48,102"
YICFTVEI,"104,102,135,2,128,15,68,40,133"
HKHXDCJH,"52,5,78,68,13"
UBJMDMHZ,"120,40,7"
TGAMZYSZ,"120,102"
WBFJKXTD,68
ZHVGOBRS,52
XBCNAREH,69
EDIJXNQN,"102,15"
DAGWKNSU,102
UODEKUPH,"40,123"
YSWGBGCS,"68,100"
XMVWRBGU,"40,69,52"
IBNXEHFB,"15,133,102,67"
ENQFXLOI,"133,15"
BFAJGKRF,"68,78,102"
DOJHHKEW,"102,67"
MQFCTIFB,68
PDIQNDAL,"2,68,69,102"
ZHIWJJWU,25
RVNXYPKL,78
LPYKRTFT,"38,102,26,90,47,133,27"
GNSXFNPL,"16,76"
DYTVFFAU,"68,8"
SFTZIUIV,48
TENYOVTI,2
LEJNTVYK,25
CJQSIMME,"40,76"
OASWWLSQ,"40,69,102"
OTABZRAC,"2,68,133,78"
RKEGOKWA,2
PXJDUBBY,47
FEWLLVYU,"40,102"
GYOVFMHZ,"40,7"
NGLESZLK,"104,102"
HGSRODUC,78
LAIFVXGD,52
AFVXGCEI,8
UWBTHIFB,68
IBUEJVEI,"104,102,135,90,2,128,15,68,40,133"
TQPGHFFP,10
CGZKPGEG,68
RJUILPKK,"38,104,68,133"
TUBXDAMC,"133,100"
DVQBTKEW,38
IUIFIWMK,68
QDOHTKEW,102
CJXFZUXS,102
MOCZZDAL,"2,68"
JTGXWDAL,"133,90"
JQGBTMRN,102
OVCEEVEI,"40,133,52,90"
IZCQWXER,"59,78"
JGIJCLHH,68
FLJTSNPO,"128,100"
GROUHFFP,78
AULGPNQN,15
RBYFXNQN,15
VMMYMTFT,"38,26,102,133,27"
BSDQXFXO,"104,48,52,102,135"
HNLIMWBO,"40,52"
SEYHDKRV,"49,102,15"
OGPQXNQN,"102,15"
MBVUYUDX,"68,133,46"
UCDSDPAB,"120,7,8"
CMNHHDAL,"2,68,40,133"
XLSEJPKK,"38,104,84,67,68"
IRPTOXGD,"25,133,135"
DLWGVPTK,"104,68,102,15"
LIABQZLK,"104,68,102"
HJJUHPZC,58
MNKNGFGA,100
DXYHSUDX,133
SBPPARSU,"14,51,102"
FQJSXGHA,"2,15"
KIARGMVW,"58,104,102,2,128,10,118,68,78"
XRSEJMYV,2
XRPZILHH,"69,78,65"
GKBKXYMI,78
QRTEVUDI,"2,68,15"
KPZRIIQR,"102,97,39,8,133"
JVHLASDK,40
WTRIKDFC,40
LDMYZZYO,"128,68,102"
XIYSVXTD,68
QHHVGZXQ,"48,102,15"
KUHOSVEI,2
NFFWWRAC,102
CLFKFSEB,"102,15"
KDIXLDGW,"68,40,133"
XGLBCPTK,"68,102,15"
EIMPZFXO,"102,90"
UHHQDZXQ,"48,102,15"
GCWJUPAB,"8,5,78"
LFCVATHG,102
ZJAASXGD,"104,102"
TMTRUXGD,40
WYROMDQX,"2,9"
DBBXJLSQ,"2,68,40"
QJPDNBQT,57
SBHIQPLS,133
SUMZBKGZ,"68,102"
XGBQEKWA,100
YFQJUPIF,"1,123"
OAKYMSOB,78
KTFVHKBS,16
HVUEBNPL,"68,14,51,100"
IUJRJRSU,"14,51"
VWTOQXGD,"38,68"
QNZYXVEI,"52,49,90,103,68"
HUNEULKY,128
FBTKMAHW,52
GGTGWMVW,"102,2,15,132,68"
MMMEUPLS,"2,68,40,133"
RWGQQUPH,28
OSMOVBME,"133,45"
GYEQLFGA,52
JVWFVLSQ,"48,102,2,40,78"
EPJLMMME,"69,102"
GBKMPHGW,"102,15"
KJVXIFUP,"68,112"
OBIDMVIQ,85
XSZZKQTX,"48,68"
XDWTXVMP,"69,102"
BYVHYNQN,"102,15"
EOTUYEQQ,68
URWRJYES,78
SQHVXIFB,68
WPIHTHAQ,"108,102,110,116,15"
DAEYWKOU,"105,40,102,110"
KAZWEBQT,102
ZLCAIKOU,15
APRODHEB,2
BHOTGIBW,52
QJGYVUPH,68
VLTVRNJC,101
SKPZSCEI,102
QOYSZMME,40
HHDLXDPR,102
JIDEBEQQ,78
TGCPYPKK,"38,104,102,90,84,67,68,133,46"
SJOTTSVW,102
WZPNQVMP,"97,47"
YGVLJIQR,"102,1,97,68,133"
BGNUEFXO,"104,48,52,102,135"
YVPWHLSQ,68
ROCHHVEI,102
MJCBMTEK,102
GSDZQNQN,"102,15"
LCJPBHGA,"133,102"
ZKVTHGQD,67
BHBUMNSU,2
JBECOMME,"52,49,102,15,30,133"
GKZHDUPH,49
FOPVGUPH,40
VQDDIDCD,"11,76"
XEHOVPTK,68
VHKZJPKK,"68,133,102,90"
XIPMDBQT,"16,45"
NANATBGU,52
RLGTSPIF,121
VELORNQN,"102,15"
NVLPJZQU,100
TENEHGIW,"104,68"
TJFVIFYS,123
AGBHKVEI,32
XKSAHLBD,"68,133,102"
RCGECPTK,"2,68,104,15"
YRQSFKOU,"102,15"
MANQSKOU,15
GTKMUFFP,102
QTBJWQRD,"103,78"
XMVQOTLI,78
SQBCBAMC,"108,106,65,133,46,74"
YNCMMCEI,102
BLDGWJWU,"68,102"
CVZIEMLY,123
CVGWTXGD,78
JKLOUIQR,"68,100"
VKZPSSEB,"102,15"
TLLXOLHH,58
XIYTYQTX,104
HELRRVTI,68
BUFANMYV,1
VNYYALSQ,"68,102"
HSCCANQN,102
UEUQLDSN,133
CLTPPIKV,40
HGHKDWMK,78
DFFYSWBO,"52,102,67,27,40,133,13"
KACYGBQT,"2,68,35"
TGOHPLHH,"68,65"
NPKCXWMK,78
XUSMADMX,"102,15"
NJXNFUDI,"68,15"
RCQUQJVR,"133,102"
RHJSFSOM,52
RWOQHGHA,"133,15"
PHMFJVJP,78
GRLQABQT,"72,102,67"
ZSUUEJVY,"48,40,69,102"
JQBHJVEI,"68,103,90"
OAJCSFYY,"68,13"
YESZNXXP,"41,5"
XRJTDXYT,"2,68"
AVUNQAOX,123
BMOLMNXN,"40,123"
IVAAELSQ,78
ZYWUDEQQ,"68,40"
ZSFNNZYO,"13,45,102"
WMOCESDK,133
OLCQOVKA,102
RXWLVKGZ,123
KTKOIJWU,133
WGTWACNX,133
ELLOGHGA,"2,68"
TAUEYSMJ,133
LQKSPPLS,"102,2,68,40,133"
GZLBIADX,"52,69,102"
JSZNJFFP,40
KMJDXYTZ,"104,68,102"
FIXPOVRU,58
EXPXKXGD,2
PHFPWPLS,"102,90,69,68,133"
LVJKGBME,"40,133"
XJOWAPKL,78
TVGJOVEI,"133,102,90"
LYHTDVEI,"100,15"
TGJKCQTX,2
DBITUXQD,78
TZUSHFNJ,68
EGVFHCNX,45
SQNDONCR,"102,15"
TSOFBNQN,"2,102,15"
BRUCAPIF,57
IEHWVWSW,133
XDTBPUJL,102
PMVIBNQN,"2,68,102,15"
QQXBKQTX,"68,48,49,22"
BCXUMLKI,68
VVRROFXO,"102,135"
GKBRLFXO,"102,15"
WAGPFONO,102
QQUQUATH,"2,68"
SAOWTFXO,104
